hog_feature_index,importance
0,0.0
1,0.0
2,0.0
3,0.0
4,0.00022995974801898845
5,0.0
6,0.0
7,3.2743648267565586e-05
8,0.0
9,6.152437628748011e-05
10,0.0
11,0.0
12,0.0
13,0.0
14,0.0
15,0.0
16,1.2474077975204781e-18
17,0.0
18,0.0
19,0.0
20,0.00010918684365933203
21,0.0
22,0.0
23,0.00011859812179300983
24,0.0
25,0.0
26,0.0
27,0.0
28,0.0
29,0.0
30,8.257561699758809e-05
31,0.0
32,0.0
33,0.0
34,0.0
35,0.0
36,0.0
37,0.0
38,0.0
39,0.0
40,0.0
41,0.00015810801960420513
42,4.747157020955235e-18
43,0.00014460337360383004
44,0.0
45,0.0
46,6.575591985428051e-05
47,0.0
48,0.0
49,6.711259754738e-05
50,6.626092972366003e-19
51,0.0
52,0.0
53,0.0
54,0.0
55,0.0
56,1.1771067712396439e-18
57,0.0
58,0.0
59,0.0
60,9.343900806481213e-05
61,0.0
62,0.0
63,0.0
64,0.0
65,6.153608506627771e-05
66,0.0
67,0.0001182027947203662
68,0.0
69,0.0
70,0.0
71,0.0
72,0.0
73,0.0
74,0.0
75,0.0
76,0.0001149330398092099
77,0.0
78,3.089635322840945e-05
79,0.0
80,0.0
81,2.9701073071027093e-05
82,0.0
83,0.0
84,0.0
85,0.0
86,0.0
87,0.0
88,0.0
89,0.00016330107633060132
90,0.0
91,0.0
92,0.0
93,0.0
94,6.683874726242254e-19
95,0.0
96,0.0
97,0.0
98,0.0
99,0.00021673926700714152
100,0.0
101,0.0
102,0.0
103,0.0
104,0.0
105,0.0
106,0.0
107,0.0
108,0.0
109,0.0
110,0.0001328670259526823
111,0.0
112,0.0
113,8.841447294987098e-05
114,0.0
115,0.0
116,0.0
117,0.0
118,0.0
119,0.0002664581166209797
120,0.0
121,0.0
122,0.0
123,0.00012803093645484968
124,0.0
125,0.0
126,0.0
127,8.744905202874651e-05
128,0.00014638977670722967
129,0.0
130,0.0
131,0.0
132,1.512969464231677e-18
133,3.210276200054457e-05
134,0.0
135,0.0
136,0.0
137,0.0005160646153766155
138,0.00043497163644067705
139,0.0
140,0.0
141,0.0
142,0.0
143,0.0
144,0.0
145,0.0
146,0.0
147,0.0
148,0.0
149,0.0
150,7.376347390836634e-05
151,0.0
152,0.0
153,2.8804326527413036e-05
154,0.0
155,0.0
156,4.621570856379703e-19
157,0.0
158,0.0
159,0.0
160,0.0
161,0.0
162,0.00012314128461555194
163,1.3273991421918884e-18
164,0.0
165,0.0
166,0.0
167,0.0
168,0.0
169,0.0
170,0.0
171,0.0
172,0.0
173,0.0
174,0.0
175,0.001330781647857613
176,0.00026876381597127095
177,1.3772654687142346e-18
178,0.00014774743683873066
179,0.0
180,0.0
181,0.0
182,0.0
183,0.0
184,4.541520541996758e-19
185,0.0
186,0.0
187,7.515230200739032e-05
188,0.0
189,0.0003220112629390283
190,6.180067655477486e-05
191,0.0
192,0.0003148328606856552
193,0.0
194,0.0
195,0.0
196,0.0
197,0.0
198,0.002341059707141497
199,0.0
200,0.0
201,0.0021198492636838122
202,0.0
203,0.0
204,0.0
205,0.0
206,0.00024668098944787063
207,1.1172880644459611e-18
208,0.0
209,0.0
210,0.000698613961648246
211,0.0
212,0.00011812608946746681
213,0.0
214,0.0
215,0.0
216,0.0
217,0.0
218,0.0
219,0.0
220,0.0
221,2.1967005976231654e-19
222,0.0
223,4.917564927224443e-05
224,0.0
225,1.712136554251411e-18
226,0.0
227,0.0
228,0.0
229,8.970691311828443e-05
230,7.1635691303591025e-19
231,0.00015330833424564332
232,0.0
233,0.0002768625442658901
234,0.0
235,0.0
236,1.0137214951859524e-18
237,0.00021248160758408744
238,0.0008041463807625858
239,2.975157325073226e-05
240,0.0
241,0.0001309996488669203
242,0.0
243,0.0
244,0.0
245,6.0947691127169266e-05
246,0.00011706229386351836
247,0.0003834747173540313
248,8.665270085112996e-05
249,0.0001300431298602463
250,0.0
251,3.325890621728179e-05
252,6.485112270826299e-19
253,0.0
254,0.0
255,0.0
256,9.295216889696999e-05
257,0.00010344086021505508
258,0.0
259,0.0
260,0.0
261,0.0005451808745042
262,0.0
263,0.0
264,0.0
265,0.0
266,0.0
267,0.0
268,0.0
269,0.0
270,0.0
271,0.0
272,9.110545838534782e-05
273,0.0
274,4.0486322201565997e-19
275,0.0
276,0.0
277,0.0
278,0.0
279,0.0013153664127974448
280,0.0
281,0.0
282,0.0
283,0.0
284,0.0
285,0.0
286,1.92524652440674e-18
287,0.0
288,0.0
289,0.0
290,0.0
291,0.0
292,0.0001530620115178857
293,0.0
294,0.0
295,0.0
296,0.0
297,0.00010442183279944705
298,0.0
299,0.0
300,0.0
301,0.0
302,1.0407122223281988e-19
303,0.0
304,0.0
305,2.8809788654060174e-05
306,0.0
307,1.4679615547821541e-18
308,0.0
309,0.0
310,0.0
311,0.0005538847240441132
312,0.0
313,0.0
314,0.0
315,0.0
316,0.0
317,0.0
318,0.0
319,0.0024169782058658562
320,0.0006787788425525982
321,0.0
322,0.0
323,0.0
324,0.0
325,0.0
326,0.0
327,0.0
328,0.0
329,0.0
330,0.0
331,0.0
332,0.0
333,0.0
334,0.0
335,1.4371768054235587e-18
336,0.0
337,0.0
338,0.0
339,0.0
340,0.0
341,0.0
342,0.0
343,0.0
344,0.0
345,0.0
346,0.0015577106799685644
347,0.0
348,0.0
349,0.0
350,6.183830871846373e-05
351,0.0
352,0.0
353,0.0
354,0.0
355,0.00017892528670744912
356,0.0001690279426043836
357,0.0
358,0.0
359,0.0
360,0.0
361,0.0
362,1.6997977574963104e-18
363,0.0002302598418354041
364,5.867615763784341e-05
365,0.00015398999065060787
366,0.0
367,0.0
368,0.0
369,0.0
370,0.0
371,0.0
372,0.0
373,0.0
374,0.0
375,0.0
376,0.0
377,0.0
378,0.0
379,0.0
380,0.0
381,7.096126673108104e-19
382,0.0
383,0.00019298836991941157
384,0.0
385,0.0
386,0.0
387,0.0
388,0.0
389,0.0
390,0.0
391,0.0
392,0.0
393,0.00018794260431121215
394,0.0
395,0.0
396,0.0
397,0.0
398,0.0
399,0.0
400,0.00024013503718294917
401,0.0
402,0.0
403,0.0
404,0.0
405,0.0
406,0.0
407,0.0
408,0.0
409,0.0
410,9.223872111432638e-05
411,0.00011824584021506392
412,0.0
413,0.0
414,0.0003849178741323657
415,0.0
416,0.0
417,0.0
418,0.0
419,6.227106227106221e-05
420,0.0010862538726449612
421,0.0
422,0.00019745296524670017
423,0.00038313330802285724
424,0.0
425,0.0
426,3.0558584367041066e-05
427,3.436725594341581e-19
428,0.0
429,0.0
430,0.0
431,0.0
432,0.0
433,0.0
434,0.0
435,3.260724579686952e-05
436,0.0
437,0.0
438,3.2341419149218684e-05
439,0.0
440,0.0
441,2.7217886434330424e-18
442,0.0
443,0.0
444,0.0
445,0.0
446,2.2489233271512593e-18
447,0.0
448,0.0
449,0.0
450,0.0002866708116122267
451,0.0
452,0.0
453,0.0
454,3.0284877529286636e-05
455,0.0
456,3.2270811380400185e-05
457,0.0
458,0.0
459,0.0003389588202767367
460,0.0
461,0.0
462,0.0
463,3.17973701685442e-05
464,2.8317836010143853e-05
465,0.0
466,0.0
467,5.4269402095489146e-05
468,0.0
469,0.0
470,0.00011755230764250216
471,0.0
472,0.0
473,0.0
474,0.0
475,0.0
476,0.0
477,0.00028774593518654876
478,6.403323640436614e-05
479,0.0
480,0.0
481,0.0
482,3.3864416590999608e-18
483,0.00012751626482969747
484,6.718090949670046e-05
485,0.0
486,0.0
487,0.0
488,0.00011265114135935256
489,0.0001663091951633371
490,0.0
491,0.0
492,0.0
493,0.0
494,0.0
495,0.0
496,0.0
497,0.0
498,0.0
499,0.0
500,0.0
501,0.00012552176948558337
502,8.036084588196183e-19
503,1.8131496996254694e-19
504,0.0
505,0.0
506,0.0
507,6.2110764395758205e-19
508,0.0
509,0.0
510,0.0
511,0.00012112932604735876
512,0.0
513,0.0
514,0.0
515,0.00011378007644553688
516,0.0
517,0.0
518,0.0
519,0.0
520,0.0
521,0.00012632023172454238
522,0.0
523,0.0
524,0.00010963379645616446
525,3.1915174818064766e-19
526,0.0
527,0.0
528,6.206083313182286e-05
529,3.038246157512156e-05
530,1.0042059874848754e-18
531,0.0
532,0.0
533,3.013040042149633e-05
534,0.0
535,0.0
536,0.0
537,0.0
538,6.74274322073855e-05
539,0.0
540,0.0
541,0.0
542,1.4175754266382647e-18
543,0.0
544,0.0
545,0.0
546,0.0
547,0.0
548,0.0
549,0.0
550,0.0
551,9.598210165883291e-19
552,0.0
553,0.0
554,7.987437871608751e-19
555,0.0
556,0.00012159186912777445
557,0.0
558,0.0
559,0.0
560,0.0002750936727302446
561,0.0
562,0.0
563,0.0
564,0.0
565,0.0
566,0.0
567,0.0
568,0.0
569,2.265936915154111e-18
570,0.00011421619138660951
571,0.0
572,0.0
573,0.0
574,0.0
575,0.0
576,0.0
577,0.0
578,0.0
579,0.0
580,0.0
581,0.0
582,5.294367035458469e-19
583,0.0
584,0.0
585,0.0
586,0.0
587,1.5325844941934536e-18
588,1.1816081834755436e-18
589,0.0
590,3.302913498259834e-18
591,0.0
592,0.0
593,0.0
594,0.0
595,8.966573105965404e-19
596,0.0
597,0.0
598,0.0
599,0.0
600,0.0
601,0.0
602,0.0
603,0.0
604,0.0
605,0.0
606,0.00042270643124321243
607,2.95970084064772e-05
608,0.0
609,0.0
610,0.0
611,0.00041074345343368473
612,0.0
613,0.0
614,1.1909455328058744e-18
615,0.0
616,6.560023801510831e-19
617,0.0
618,0.0
619,2.8354914180672277e-18
620,0.0
621,0.0
622,0.0
623,0.0
624,2.9942704774660705e-05
625,0.0
626,0.0
627,0.0
628,0.0001954851131343307
629,0.0
630,0.0
631,0.0
632,2.941688790205031e-05
633,0.00013370797184333926
634,8.230284379329234e-05
635,0.0002039192940122566
636,0.0
637,0.0
638,0.0
639,3.146041626017232e-19
640,0.0
641,0.0010117215588592316
642,0.0006437059644724039
643,0.0
644,0.0
645,0.0
646,0.0
647,0.0
648,0.0
649,1.5610683334922982e-19
650,0.0
651,0.0
652,0.0001590762474236023
653,0.0
654,0.0
655,0.0
656,0.0
657,0.00017988731725624056
658,0.0
659,0.0
660,0.0
661,2.9921409155888346e-05
662,0.00020282301142801617
663,1.6091117042804369e-18
664,1.6464667698991819e-18
665,0.0
666,0.0
667,0.0
668,0.0028926212606710266
669,0.00015013387792148973
670,0.0
671,0.0001584155632397172
672,3.175771934136285e-19
673,0.0
674,0.0
675,0.0002912932138284252
676,0.0
677,0.0
678,0.0060481042781760875
679,0.0
680,0.0
681,0.0
682,0.0
683,0.0
684,0.0
685,0.0
686,0.0
687,0.0
688,5.194325501536836e-19
689,0.0
690,0.0
691,0.00023842687860761908
692,0.0002046731736172728
693,0.004302538486020941
694,0.0
695,2.612114541118397e-05
696,0.0
697,0.0
698,0.0
699,0.0
700,0.0
701,0.00013757859417023292
702,0.0
703,3.194372552275138e-05
704,0.0006105320331756723
705,0.002229527174720304
706,0.00017359324716983055
707,0.0
708,0.0006918369171457585
709,0.0
710,2.800866597078659e-19
711,0.0
712,0.0
713,0.0
714,0.000596424285236743
715,0.0002784786402462684
716,6.292083252034464e-19
717,0.0005083289532144714
718,0.0
719,0.00013719118967313418
720,0.0009069016836337931
721,0.0
722,0.0
723,0.0
724,0.0
725,0.0
726,0.0
727,0.0003387218967419896
728,0.0
729,0.0006697235547013399
730,0.0
731,0.0001393521314214759
732,0.0
733,0.00018404534901949137
734,1.571435506406288e-18
735,0.0
736,0.0
737,8.187750538040386e-19
738,0.0
739,0.0
740,0.00048132444163529825
741,0.0
742,0.0001201478973920728
743,0.0002585174414862528
744,0.0017927967883206316
745,0.0012124767961024286
746,0.003769624821745348
747,0.00014847692072306033
748,0.0
749,0.0
750,0.00011739927895360974
751,0.0
752,0.0
753,0.00013766218058448775
754,0.0
755,4.37039852722863e-19
756,0.0017196313451380782
757,0.0
758,0.0
759,0.0
760,0.0
761,0.0
762,0.00047797688295360126
763,0.0
764,0.0
765,0.0015291064234129828
766,0.00014083403010033775
767,0.0
768,0.0001398427017553296
769,0.0
770,0.0
771,0.002338522272181862
772,0.0005910424049932291
773,6.0556685739841505e-05
774,0.002495116727767763
775,0.0
776,0.00014458002543548765
777,0.0
778,0.0017898906280871825
779,0.0
780,0.0
781,0.0
782,0.0
783,0.007485683495853386
784,0.0002489139710474751
785,0.0
786,0.0
787,0.0027743102364358885
788,0.0
789,0.0015127999840737316
790,0.0015721076483407133
791,0.0
792,0.00030439491170147727
793,0.0
794,0.00011125557779473131
795,0.0
796,0.0
797,0.0
798,3.417931051007473e-05
799,0.0005352956638526424
800,0.0
801,0.0005666345767041394
802,0.0
803,0.00023078052670478779
804,0.0
805,0.0003094232067405048
806,0.0
807,0.0003548383600979004
808,0.0
809,0.0014418874090635608
810,0.005649820883953411
811,0.0
812,0.00010959465722332452
813,0.0
814,0.0022383018071447294
815,0.0
816,0.0
817,0.0014440085993877325
818,0.002013323049740771
819,0.004408875376914756
820,0.0016367011187058173
821,0.0
822,0.0003980171902717501
823,0.0026736237001284222
824,0.0
825,0.0
826,0.0006868171056423607
827,0.0
828,0.0034182529903636805
829,1.679015718689498e-18
830,0.0
831,0.0
832,0.0
833,0.0
834,0.0
835,0.0
836,0.0
837,8.674687938255523e-20
838,0.0
839,0.0009505968703448727
840,7.805341667461491e-20
841,0.0003284833890223
842,0.0
843,0.0
844,0.0
845,0.00021042644562069526
846,0.0009765371777670194
847,0.00381246170053428
848,0.0
849,0.0
850,0.0036674171562182134
851,0.0
852,0.0
853,0.0
854,0.0
855,0.0016235894268583739
856,0.0
857,0.0
858,0.0
859,0.005145800402230569
860,0.0006945723442789413
861,0.0
862,0.0
863,0.00012570801229132254
864,0.00013901255259344612
865,0.0024099681215909927
866,0.0015212503772563618
867,0.0
868,0.0
869,9.990923530746585e-05
870,0.0
871,0.0
872,0.0
873,0.0014072366037589288
874,0.0
875,0.0
876,0.0
877,0.0
878,0.00021394471797997992
879,0.0
880,0.0
881,0.0
882,0.0015849690261885002
883,0.0003977200202264661
884,0.0
885,0.0
886,5.9776096714773355e-05
887,0.00022143600704551593
888,0.0
889,0.0
890,0.0
891,0.0
892,0.0
893,0.0
894,0.0
895,0.0003813393815855115
896,0.0050820206156865855
897,0.0
898,0.0
899,0.0
900,0.0
901,0.0
902,0.0
903,0.0
904,0.0
905,0.00023107183258678425
906,2.897831031941822e-05
907,0.0
908,0.0
909,0.0
910,0.0
911,0.0
912,0.0
913,0.0
914,0.0
915,0.0
916,0.0
917,0.0
918,0.0030340211842389093
919,0.00021058153889613482
920,0.0
921,0.0
922,0.00014274911545125566
923,0.002106088140932789
924,0.0
925,0.0
926,0.0
927,0.001579090451650107
928,0.00039097181451710225
929,0.0
930,0.0
931,0.0
932,0.0020794680081799182
933,0.0
934,0.0
935,0.0
936,0.0
937,0.0
938,6.717108028583437e-05
939,0.0
940,0.0
941,0.0
942,0.0
943,0.0
944,0.0
945,0.0006888848701918235
946,0.0
947,0.00042351771017648315
948,0.00016100160452140169
949,0.00034227786725898055
950,0.0
951,3.0544698020426864e-05
952,0.0
953,0.0
954,0.0003750055422069281
955,0.0007154420281460762
956,0.0
957,0.0
958,0.0
959,0.0013157922365530739
960,0.0017494920321688694
961,0.0
962,0.00011736192899673921
963,0.0
964,0.0
965,0.0
966,0.0
967,0.0
968,0.0
969,0.00015326488845128955
970,0.00122419520699749
971,0.0
972,1.972381645448211e-18
973,3.0595622036139115e-19
974,0.0
975,0.0
976,6.206834462708227e-05
977,3.0576698974385946e-05
978,0.00019835120265288854
979,0.0
980,0.0
981,0.0
982,0.0
983,0.0
984,0.0
985,0.0
986,0.0
987,0.0
988,0.0
989,0.0
990,0.0
991,0.0
992,0.0
993,0.0
994,0.0
995,3.1550480769230804e-05
996,0.0024413179782884886
997,0.0005556201645752785
998,9.060650887573963e-05
999,0.0
1000,0.00017361594432141825
1001,3.1261809062488254e-05
1002,0.0
1003,0.0
1004,0.0
1005,0.0
1006,0.0
1007,0.0
1008,0.0
1009,0.0
1010,0.0
1011,0.0
1012,0.0
1013,0.0
1014,0.0
1015,0.0
1016,0.0
1017,0.0
1018,0.0
1019,0.0
1020,0.0
1021,0.0
1022,0.0
1023,0.0
1024,0.0
1025,0.0
1026,0.0
1027,0.0
1028,0.0
1029,0.00020668564800168849
1030,3.006442376521168e-05
1031,1.9389055983199113e-18
1032,0.0
1033,0.0001620810431074856
1034,0.00041116137349114985
1035,0.00011030589539122379
1036,3.554685076353164e-18
1037,0.0
1038,0.0
1039,0.0
1040,0.0
1041,0.0
1042,3.063828491575075e-05
1043,0.0
1044,0.0
1045,0.0
1046,0.0
1047,0.0
1048,3.299855599647705e-19
1049,0.0
1050,0.0
1051,3.1805440996678585e-05
1052,0.0
1053,2.1967005976231654e-19
1054,0.0
1055,0.00024105218724311826
1056,2.677010489510583e-05
1057,0.00023788985723233842
1058,0.0
1059,8.841406935940904e-05
1060,0.0
1061,0.0
1062,0.0
1063,0.0
1064,0.0
1065,0.0
1066,0.0
1067,0.00023162105751391583
1068,0.0009606690333141887
1069,0.0
1070,5.296279393750163e-05
1071,0.0
1072,4.66946412274671e-19
1073,0.0
1074,0.0002566956894268006
1075,0.0
1076,0.0
1077,0.0
1078,0.0
1079,2.5439060808836134e-05
1080,0.0
1081,0.0
1082,0.0
1083,0.0
1084,0.0
1085,0.0
1086,0.0
1087,0.0
1088,0.0
1089,0.0
1090,0.0
1091,0.0
1092,0.0
1093,0.0
1094,0.0
1095,6.531386538492433e-05
1096,0.00016353833865814668
1097,0.0001383761532615054
1098,3.5788850962671756e-19
1099,0.0
1100,0.00021623968736430744
1101,0.0
1102,0.0
1103,0.0
1104,0.0
1105,0.0
1106,0.0
1107,2.9599248660038793e-05
1108,0.0
1109,0.0
1110,3.3419373631211264e-19
1111,0.0
1112,0.0
1113,0.0
1114,0.0
1115,0.00013839543914731945
1116,0.0
1117,5.959191312984302e-05
1118,0.0002802994995394879
1119,0.00022670620381285718
1120,0.0
1121,0.0
1122,1.1106979586405139e-18
1123,0.000367386799585561
1124,0.0
1125,0.0
1126,0.0
1127,0.0
1128,5.784885874816387e-20
1129,0.0
1130,0.0
1131,0.0
1132,0.0
1133,0.000250783230076033
1134,0.0
1135,6.0557601277919195e-05
1136,0.0
1137,0.0
1138,0.0
1139,0.0
1140,0.0
1141,0.0
1142,0.0
1143,0.0
1144,0.0012288741726451204
1145,0.0004445065842686184
1146,0.0
1147,0.0
1148,0.0
1149,0.0
1150,0.0
1151,0.0
1152,0.0
1153,0.0
1154,0.0
1155,0.0
1156,0.0
1157,0.0
1158,0.0
1159,1.2474077975205024e-18
1160,0.0
1161,0.0
1162,0.0
1163,0.0
1164,0.0
1165,0.00012059528928724464
1166,0.00021298804332296764
1167,0.0
1168,0.0004143014113368022
1169,0.0
1170,0.0
1171,0.0003864790646636317
1172,0.0
1173,0.0
1174,0.0
1175,0.0
1176,0.0
1177,3.898355927890914e-19
1178,0.0
1179,0.00029272660936789413
1180,0.0
1181,0.00028647976497053165
1182,0.0
1183,0.0
1184,0.0
1185,0.0
1186,8.938538667878204e-19
1187,0.0
1188,0.0
1189,0.0
1190,0.0011147602472129981
1191,0.0
1192,0.0
1193,0.0013132867954306633
1194,0.0
1195,0.0
1196,0.0
1197,0.0
1198,6.542064910141099e-05
1199,0.0
1200,0.0
1201,0.0
1202,6.31426587071239e-05
1203,0.0
1204,0.0
1205,0.0
1206,0.0
1207,8.942751024590288e-05
1208,0.0
1209,0.0
1210,0.0
1211,0.0
1212,0.0
1213,0.0
1214,0.000160165952786091
1215,0.0
1216,0.0
1217,0.0
1218,0.0002708853271477132
1219,0.00021358332620718905
1220,0.0
1221,0.0
1222,0.0
1223,0.0
1224,0.002341992885540102
1225,0.0
1226,0.0
1227,0.00011758520783023289
1228,0.0
1229,0.0
1230,0.0
1231,0.0
1232,2.936159040383138e-18
1233,0.0
1234,0.0
1235,0.0
1236,0.000781234842893857
1237,3.1320144489786118e-19
1238,0.0
1239,0.0012191179513824841
1240,0.0
1241,0.0021391051898010088
1242,0.0002803152215804405
1243,0.0
1244,0.0
1245,0.0009733681555916771
1246,0.0
1247,8.328207452491183e-05
1248,0.0002253514957732916
1249,0.0
1250,0.0
1251,0.00017905099218637816
1252,0.0
1253,0.0
1254,0.0007720444183985508
1255,0.0
1256,0.0
1257,6.172920150501597e-05
1258,0.0
1259,0.00014976761188574105
1260,0.0
1261,0.0
1262,0.0
1263,0.0
1264,8.354838709677414e-05
1265,0.0017792511221330404
1266,0.005556061930900922
1267,0.0016066999888305763
1268,0.0
1269,0.0008989177885984219
1270,0.0
1271,0.0
1272,0.0
1273,0.0
1274,0.0
1275,0.0005255430171579225
1276,0.0
1277,0.0
1278,0.0
1279,0.0
1280,0.00011370411010981597
1281,0.0017971952755699405
1282,0.00038501142367849695
1283,0.0
1284,8.756925119354169e-05
1285,7.699103353231497e-19
1286,6.21164444667079e-19
1287,0.0
1288,0.0
1289,0.0
1290,0.001522275378301132
1291,0.0013082474091176606
1292,0.0
1293,0.0
1294,2.288500585615554e-19
1295,0.0
1296,0.0017933467390361837
1297,0.000309141220225724
1298,0.0
1299,0.0
1300,0.00017451413955712976
1301,0.0
1302,0.0007710903517104442
1303,0.0012538036897445006
1304,0.0
1305,0.001956216955416594
1306,0.0037365508659512408
1307,0.0001849902818643454
1308,0.0
1309,0.0017345534385612771
1310,0.0
1311,0.0019950393738210974
1312,0.002039749143682494
1313,0.0
1314,0.0
1315,0.0002029196668846331
1316,0.00016842360923280362
1317,0.0007601015252351699
1318,0.00233320443597821
1319,0.0
1320,0.00048413783485758794
1321,0.0032283046559989513
1322,0.0
1323,1.5212245908545087e-18
1324,0.0
1325,0.0
1326,0.0001839184196764458
1327,5.819034722050673e-05
1328,0.0
1329,0.003615439055630956
1330,0.004022808948073199
1331,0.00020978055214130817
1332,0.0027780273131322543
1333,0.0
1334,0.0
1335,0.0
1336,0.0017107523136950685
1337,0.0
1338,0.001053914408777578
1339,0.0013998006285416867
1340,0.0
1341,0.00487618952927751
1342,0.0022076261617459438
1343,0.0
1344,0.0
1345,0.0017038161782336892
1346,0.0
1347,3.4115978115028016e-19
1348,0.0023259238741225137
1349,0.0
1350,0.0034998267566313628
1351,0.0002385171050838222
1352,0.0
1353,0.0
1354,0.0020045376597690283
1355,0.0
1356,0.004439896940559082
1357,0.0023006840373226813
1358,0.001626096585867117
1359,0.0019438705612694976
1360,0.0
1361,0.0021197727068674272
1362,0.0
1363,0.002504170199494776
1364,0.0
1365,0.001963580570055614
1366,0.0016345819228700729
1367,0.0
1368,8.943709576037171e-19
1369,0.0
1370,0.0016827771974650355
1371,0.0
1372,0.0
1373,0.0
1374,0.0
1375,0.0023252970329258947
1376,0.0002817892930042676
1377,0.0057977321811709835
1378,0.0
1379,0.0009574119424283697
1380,0.00047108390657180863
1381,0.0
1382,0.0
1383,0.0
1384,0.0
1385,0.0
1386,0.004004352146569578
1387,0.0
1388,0.0004216355597077482
1389,0.0
1390,3.6611676627052766e-19
1391,0.0
1392,0.0
1393,0.0028681651504014415
1394,0.0
1395,0.0018313869084104952
1396,0.0010925018600177827
1397,0.0
1398,3.118519493801256e-19
1399,0.0033045803401221575
1400,9.602320234113717e-05
1401,0.00011594513215122161
1402,0.0001385822041584931
1403,0.0
1404,0.003999349249027327
1405,0.0
1406,0.0
1407,0.0
1408,0.0
1409,0.0
1410,0.0
1411,0.0
1412,0.00014559490595760196
1413,0.0015721476409086387
1414,0.0015484025730223034
1415,0.00035170297753844555
1416,0.0
1417,0.0
1418,0.002152889191363617
1419,0.0
1420,8.791208791208791e-05
1421,0.0
1422,0.0018781765903297604
1423,0.003044340375203589
1424,0.0
1425,2.8549037169726793e-05
1426,0.0018740242487204726
1427,6.057419286991308e-05
1428,6.1025641025641286e-05
1429,3.4628836676912256e-19
1430,0.0
1431,0.0
1432,0.0
1433,0.0
1434,0.0
1435,0.0010860306045269907
1436,0.004754876706292005
1437,0.0
1438,0.0
1439,0.00012090537041677166
1440,0.004838118530251884
1441,0.0
1442,0.0
1443,0.0
1444,0.0
1445,0.0005935059096747723
1446,6.397919047939215e-05
1447,0.0
1448,0.0
1449,0.00035100651595532025
1450,0.0009925756075451742
1451,0.0019607376282492857
1452,0.0
1453,0.0
1454,0.00042956952808540546
1455,8.621700991026105e-19
1456,0.0
1457,0.0
1458,0.0007153108969692614
1459,0.0
1460,0.0
1461,0.0
1462,5.4998162387102725e-05
1463,0.004683321410091949
1464,0.0007751190157334649
1465,0.0
1466,0.0
1467,0.0
1468,0.0
1469,0.0
1470,0.0
1471,0.0
1472,0.00048748899550586097
1473,0.0
1474,0.0
1475,3.047751406347631e-19
1476,0.0004115739038089029
1477,0.00012351205865800062
1478,0.0
1479,3.814167642692591e-19
1480,0.0
1481,0.0009868764289117976
1482,0.0005983530814653253
1483,0.00011901425555368783
1484,0.0
1485,0.0015437728707300472
1486,0.00019624260949685856
1487,0.0
1488,0.0
1489,1.2233644527488295e-18
1490,0.0
1491,0.001073092241603927
1492,0.00019959096817025168
1493,0.0
1494,0.0
1495,2.711756081566309e-19
1496,0.00011248682824025483
1497,0.0
1498,6.279739793791874e-05
1499,0.0020925129513840054
1500,0.0
1501,0.0001559569892473121
1502,0.000130518844883654
1503,0.0
1504,0.0
1505,0.00020865231690067688
1506,0.00014731841982905698
1507,0.00011038364907136683
1508,3.922349863107241e-19
1509,0.0
1510,0.0007288706888229649
1511,0.0002717530345708067
1512,0.00011567155111661919
1513,0.0
1514,0.0
1515,0.0
1516,0.0
1517,0.0
1518,0.0
1519,0.0
1520,0.0
1521,0.0
1522,0.0
1523,0.0036208908072433653
1524,0.0
1525,0.0015088285051590377
1526,0.0
1527,0.0
1528,0.00020096509120742044
1529,0.0
1530,0.0
1531,0.0
1532,0.0
1533,0.0
1534,0.0
1535,0.0
1536,0.0018250993184632368
1537,5.9862812522386894e-05
1538,0.0
1539,0.0
1540,0.0
1541,0.0006179290863787344
1542,0.0015990501525712999
1543,0.001584393117827763
1544,0.0
1545,0.00017591855589923217
1546,0.0
1547,0.0011396243291819802
1548,0.0003439902889932756
1549,5.931449731441095e-05
1550,0.0
1551,0.00032792191048572117
1552,3.0241092581409448e-05
1553,0.0
1554,0.0
1555,0.0
1556,0.0
1557,0.0
1558,5.74905400756795e-05
1559,0.0001389430028485584
1560,0.0
1561,0.0
1562,0.0
1563,0.0
1564,0.0
1565,5.081179451326769e-19
1566,0.0001190751508744085
1567,0.0
1568,0.0
1569,0.0
1570,0.002012796442265652
1571,0.0
1572,6.41930935650884e-05
1573,0.001408953522829321
1574,0.00124452119976837
1575,6.0652213845298756e-05
1576,0.0
1577,0.0
1578,0.0
1579,0.0
1580,0.0002452242443300191
1581,3.354812726540461e-05
1582,0.0
1583,0.0
1584,0.0
1585,0.0
1586,0.0
1587,0.0
1588,0.0
1589,0.0
1590,0.0
1591,0.00011273762618273982
1592,0.0
1593,0.00012693304568532716
1594,0.0
1595,0.0
1596,0.0005821092739647798
1597,0.00014793552969581062
1598,5.9540745713449584e-05
1599,0.0
1600,0.0
1601,0.0
1602,0.0
1603,0.0
1604,2.981466407089643e-18
1605,0.0
1606,0.0
1607,0.0
1608,0.0
1609,0.0
1610,0.00023385708733551964
1611,3.0876727388196124e-05
1612,0.0
1613,0.0007461120100216086
1614,0.0
1615,0.00045428240835320094
1616,0.0
1617,2.9826915976034407e-05
1618,1.4499148363383767e-18
1619,0.0
1620,2.6848562859838694e-19
1621,0.0
1622,0.0
1623,0.0
1624,0.0
1625,3.046253315649865e-05
1626,0.0
1627,0.0
1628,0.0
1629,0.0
1630,0.0
1631,0.0
1632,0.0
1633,5.992483571145599e-05
1634,0.0
1635,0.0
1636,0.0003696236480088455
1637,0.0
1638,0.0
1639,0.0
1640,0.0
1641,0.0
1642,0.0
1643,0.00019505398815743754
1644,0.0
1645,0.0
1646,0.0
1647,2.888020226868123e-18
1648,0.0
1649,0.0
1650,0.0
1651,0.0
1652,0.00029108783507319634
1653,0.0
1654,0.0
1655,0.0
1656,0.0
1657,0.0
1658,3.124506644838142e-05
1659,0.0
1660,0.00016176592609285222
1661,0.0003827801827801658
1662,0.00034782923289435877
1663,0.00014490672266012766
1664,5.4138357174337033e-20
1665,0.0
1666,0.0011908576526268558
1667,3.4497513759166474e-05
1668,0.0
1669,0.0
1670,0.0010536028816246202
1671,0.0
1672,0.00012898698862025664
1673,0.0
1674,0.0
1675,0.0
1676,0.0005433350464699479
1677,0.00012151671904858812
1678,0.00023900345306096277
1679,0.0
1680,0.0
1681,0.0
1682,0.00024048736642364927
1683,0.0005889220833777787
1684,0.0001286254471129312
1685,0.0
1686,0.0
1687,0.0005158701319937165
1688,0.0001528521396760481
1689,0.0
1690,0.0
1691,0.0
1692,3.126474941322865e-05
1693,0.0005803188431960993
1694,5.673443162682128e-05
1695,0.0
1696,0.0
1697,0.0
1698,0.0
1699,9.983849654969612e-05
1700,0.0
1701,0.0
1702,0.0
1703,0.0
1704,0.0
1705,1.165597689007583e-18
1706,0.0
1707,0.0
1708,1.323250598092053e-18
1709,0.0
1710,0.0003996451274249818
1711,0.000779400872852279
1712,0.0
1713,0.0
1714,0.0
1715,0.00013998254848547617
1716,0.00010853880419097844
1717,0.0
1718,0.0
1719,0.0
1720,0.0
1721,0.00017383711777200372
1722,0.0008124184392258242
1723,8.992983314034628e-05
1724,0.0
1725,0.0
1726,0.0
1727,0.0
1728,0.0
1729,1.6085617686330371e-19
1730,0.0
1731,0.0
1732,0.0
1733,0.0
1734,0.0
1735,0.0003431918583080014
1736,0.0
1737,0.0
1738,3.97657522277747e-19
1739,0.0
1740,0.009323270712406946
1741,0.0
1742,0.0
1743,0.0
1744,0.0
1745,0.0
1746,0.00012956730769230767
1747,0.0
1748,0.0002755739205950637
1749,9.359834796076657e-05
1750,0.0
1751,4.006742055963565e-19
1752,0.0
1753,0.0
1754,0.0
1755,0.0
1756,0.0
1757,0.0
1758,0.0004915237699180312
1759,0.0
1760,0.0
1761,6.132868866706682e-05
1762,0.0
1763,0.00033356265037095726
1764,4.875077067092727e-19
1765,0.0
1766,0.0
1767,0.0015919304519143225
1768,0.0
1769,0.0
1770,0.0
1771,0.0
1772,0.0006310826677425992
1773,6.127777413148858e-05
1774,0.0
1775,0.0
1776,0.0021804362807815716
1777,3.157303002848913e-05
1778,0.0
1779,0.00013376812006948973
1780,0.0
1781,0.0
1782,0.00038995622003946284
1783,0.0005119146821496247
1784,0.0
1785,0.0
1786,0.0
1787,0.0
1788,0.0
1789,0.0
1790,2.0659965493446985e-18
1791,0.0
1792,0.0
1793,3.162055335968379e-05
1794,0.0007827343563744837
1795,0.00012359486308084316
1796,0.0
1797,0.0
1798,0.00013318017659573456
1799,0.0
1800,0.0003952354005747338
1801,0.0
1802,0.0
1803,0.001181709593312284
1804,8.831168831168818e-05
1805,0.0
1806,0.0004930693567457246
1807,0.0
1808,0.0
1809,0.00025617828304293243
1810,8.707948680226058e-05
1811,0.0
1812,0.0
1813,0.0
1814,0.0
1815,0.001718900550519458
1816,0.0001396021699819205
1817,0.0
1818,0.0
1819,4.571627109521446e-19
1820,0.0
1821,6.020500955096975e-05
1822,0.0
1823,0.0
1824,0.00039795422052559654
1825,3.4367255943415797e-19
1826,0.0001639686589252152
1827,0.0014277839317130417
1828,0.0
1829,2.5088547815820614e-05
1830,0.0
1831,0.0
1832,1.8891414006320093e-18
1833,0.00018032297947827197
1834,0.0
1835,0.0001700042383337703
1836,0.0005830658585277218
1837,0.0
1838,0.0
1839,7.884972170686447e-05
1840,0.0
1841,0.0
1842,0.00016389921694552316
1843,0.0
1844,0.0
1845,0.005145679840295763
1846,0.00016442550742904756
1847,0.0
1848,5.3196542224755544e-05
1849,0.0002587904162374298
1850,0.0
1851,0.0
1852,0.0004554159724986852
1853,0.0
1854,3.2800119007554164e-19
1855,0.0
1856,0.0003985649121246249
1857,0.0
1858,0.0
1859,0.0
1860,0.0
1861,0.0
1862,8.149844079536011e-19
1863,0.0026766638692532364
1864,0.0
1865,0.0002198735784888292
1866,0.0
1867,0.0
1868,0.0
1869,0.0
1870,0.0004169526424159232
1871,0.0
1872,0.001437382272426635
1873,1.4582527292917175e-18
1874,0.0
1875,0.0
1876,0.0
1877,0.0007143887973627982
1878,0.0013321334517779804
1879,0.0001386206866238484
1880,0.0
1881,0.005599705397438017
1882,0.00045793024050036236
1883,0.0
1884,5.194325501536837e-19
1885,0.0017974057888454145
1886,6.158357771261015e-05
1887,0.0
1888,0.0005052107048356234
1889,0.0
1890,0.0028246752120428976
1891,0.0002239179384033843
1892,0.0
1893,0.00021760195768910688
1894,0.0
1895,0.0
1896,0.0
1897,0.0
1898,0.0
1899,0.00012400635930047727
1900,0.0
1901,0.0
1902,0.0006546664629047387
1903,0.00011167130118943523
1904,9.283154121863869e-05
1905,0.001234019033486585
1906,0.0
1907,0.0
1908,0.0030500571203399903
1909,0.0
1910,0.0010719842803315763
1911,0.0
1912,0.00027610156220543006
1913,0.0
1914,0.0016489339025682454
1915,0.0013105177423789994
1916,0.0
1917,0.0007851648034305824
1918,0.0
1919,0.0
1920,0.00017160438901882896
1921,0.0018362577601340416
1922,0.0
1923,5.912135873839792e-05
1924,0.0
1925,0.00038771359145491524
1926,0.0
1927,3.011203189296717e-19
1928,0.0
1929,6.222466639897645e-05
1930,0.000854220206451673
1931,0.0
1932,0.0008903645386365156
1933,0.0
1934,3.0282331511839843e-05
1935,0.0010082350406649381
1936,0.0
1937,0.0
1938,0.0
1939,0.0001516249635028895
1940,0.0
1941,0.0
1942,3.2449099249128495e-05
1943,0.0
1944,0.0
1945,1.621567967915373e-18
1946,0.0016275550121115667
1947,0.0
1948,0.0017099384471065673
1949,3.366183045898282e-05
1950,0.0
1951,0.0
1952,0.0
1953,0.0
1954,0.0
1955,0.0
1956,0.0
1957,0.00012441229656419384
1958,0.0005745154024954774
1959,0.0
1960,0.0
1961,0.0
1962,0.000513865834701914
1963,2.8265885694000818e-05
1964,2.6438657758882564e-05
1965,0.00011147109851155197
1966,3.2745938382960236e-05
1967,0.0
1968,0.0
1969,0.0
1970,0.0
1971,0.00027007142184620893
1972,0.0
1973,0.0
1974,0.0
1975,0.0
1976,0.0
1977,3.367098561018358e-05
1978,0.0
1979,0.0
1980,0.0002040585330850357
1981,8.3393089882401235e-19
1982,0.0
1983,0.0
1984,0.0
1985,0.004305398325854315
1986,0.0
1987,0.00012921547745829468
1988,0.0
1989,0.000598265268853787
1990,0.0
1991,0.0
1992,0.0
1993,0.0
1994,0.0024765085606148545
1995,0.0
1996,0.0
1997,0.0
1998,0.0009403318717921303
1999,0.0
2000,0.0
2001,0.00022235768373073356
2002,0.0
2003,1.988287611388735e-19
2004,0.0
2005,0.0
2006,0.0
2007,0.0
2008,0.0
2009,0.0
2010,0.0
2011,0.0
2012,6.20171833992519e-05
2013,0.0
2014,0.0
2015,0.0
2016,0.0
2017,0.0
2018,0.0
2019,0.0
2020,0.0
2021,0.0
2022,0.001653158972619638
2023,0.0
2024,0.0
2025,0.0
2026,0.0
2027,7.883738601823699e-05
2028,0.0
2029,0.0
2030,0.0
2031,0.0004191983040570337
2032,0.0007940241636386289
2033,0.0
2034,0.0006281787868766491
2035,0.0
2036,0.0
2037,0.0
2038,0.0
2039,0.0
2040,0.0
2041,0.0
2042,2.4555974537716088e-18
2043,0.0
2044,0.0
2045,0.0001467208413125695
2046,0.00026028113772957694
2047,0.0
2048,0.0
2049,0.0
2050,0.0
2051,9.851403412217927e-05
2052,0.00021060935491953634
2053,0.0
2054,0.0
2055,0.0
2056,0.0
2057,0.0
2058,3.141463690125613e-05
2059,0.0
2060,0.0
2061,0.0001491366910850206
2062,0.0
2063,0.0
2064,0.0
2065,0.00035664433296744727
2066,0.0
2067,0.0
2068,0.0007810050544188996
2069,2.819614030794045e-19
2070,3.2180685867468926e-05
2071,3.131295626367432e-05
2072,0.0
2073,0.0
2074,0.0
2075,1.6524763622044737e-18
2076,0.0
2077,0.00027478332101942395
2078,0.0
2079,0.0
2080,0.0
2081,0.0
2082,0.000553337012911139
2083,0.0013122407826511246
2084,0.0
2085,0.0
2086,0.0003082361346643868
2087,0.005910415675844933
2088,0.0
2089,0.0
2090,0.0012951324382643452
2091,0.0
2092,0.0032924123668987637
2093,0.0001416358993378665
2094,0.00030488344304222
2095,0.0008182835635216456
2096,0.0007968012975921098
2097,0.0
2098,8.610143658375157e-05
2099,0.0
2100,0.0
2101,0.00016292548163073412
2102,0.00016721015008686255
2103,0.0
2104,0.00013474427511370006
2105,0.0
2106,0.0
2107,0.0
2108,0.0
2109,0.0007379983983895333
2110,3.1257288956670266e-05
2111,0.0
2112,0.0
2113,0.006318022561444872
2114,0.0035997054438067044
2115,0.0
2116,1.0991283162151138e-18
2117,0.0004619806098616089
2118,0.0
2119,0.0
2120,0.0
2121,3.3373397435897154e-05
2122,0.0
2123,0.0
2124,0.0003191602145322182
2125,0.0
2126,0.0
2127,0.0
2128,0.00012695441861048843
2129,0.0
2130,0.0
2131,6.914641165718918e-05
2132,0.0
2133,0.0
2134,0.00044633706803168894
2135,0.00012430535357256514
2136,0.0
2137,0.0
2138,0.0
2139,0.0
2140,0.0
2141,0.0
2142,0.0
2143,0.0
2144,0.0
2145,4.658307329681865e-19
2146,0.0
2147,0.0
2148,0.0
2149,0.0
2150,0.000819042589418208
2151,0.0
2152,0.0
2153,0.0002418922497194111
2154,0.0
2155,0.0
2156,0.0
2157,0.0
2158,0.0
2159,0.0
2160,0.0
2161,0.0
2162,0.0
2163,0.0
2164,0.0
2165,0.0
2166,0.0
2167,2.9724062019623065e-05
2168,0.0
2169,0.0005224505753799398
2170,0.0
2171,0.0
2172,0.0
2173,0.0
2174,0.0
2175,0.0
2176,0.0
2177,0.0
2178,0.0
2179,0.0
2180,7.486983686506927e-20
2181,0.0
2182,0.0
2183,0.0
2184,0.0
2185,0.0
2186,2.3713225115711645e-19
2187,0.0003899530130690415
2188,0.0
2189,0.0004826479065810623
2190,0.0
2191,0.0
2192,0.0
2193,0.0
2194,0.0
2195,0.00020566002723927557
2196,0.0
2197,0.000140052532525021
2198,0.0
2199,1.6720631613294032e-18
2200,0.0006736471287882686
2201,0.0006900882975195625
2202,0.0
2203,0.0
2204,0.0
2205,0.0
2206,0.0
2207,0.0001433844906877168
2208,0.0
2209,0.0
2210,0.0
2211,1.755304211184472e-19
2212,0.0
2213,0.0
2214,3.15565031982946e-05
2215,0.0
2216,0.00029161598931879627
2217,4.466045748022029e-18
2218,0.0
2219,3.12894357370192e-19
2220,0.0
2221,0.0
2222,0.00021228457640476715
2223,0.0
2224,3.040879537645183e-05
2225,0.0
2226,0.0
2227,0.0006481029797007017
2228,0.0
2229,0.0
2230,0.0
2231,1.3690380764280083e-18
2232,3.500596015281144e-18
2233,0.0
2234,0.0
2235,0.0
2236,0.0
2237,0.0
2238,0.0
2239,0.0002843169761273211
2240,0.0
2241,0.0
2242,0.0
2243,0.0
2244,3.1712278106509065e-05
2245,0.0001452737203688814
2246,0.0
2247,0.00011718475073314
2248,0.0
2249,0.0
2250,0.0
2251,0.0
2252,0.00014760459643071595
2253,0.0
2254,0.0
2255,0.0
2256,0.0
2257,0.00013768775779013302
2258,0.0
2259,0.0
2260,0.0
2261,0.0
2262,0.0
2263,0.0
2264,0.0
2265,0.0
2266,0.0
2267,0.0
2268,0.0
2269,0.0
2270,0.0
2271,0.0
2272,0.0
2273,0.0
2274,0.0
2275,0.0
2276,0.00033811667958972647
2277,0.0
2278,0.0
2279,0.0
2280,0.00018622600490801573
2281,0.00027223072826202863
2282,3.7857340240425353e-19
2283,0.0
2284,0.0
2285,2.762758329714694e-18
2286,0.00013663097402743325
2287,0.0
2288,0.0
2289,0.0
2290,0.0
2291,0.0
2292,1.4920488918110244e-18
2293,0.0
2294,0.0
2295,3.1290645250638883e-05
2296,0.0
2297,0.0
2298,0.0
2299,0.0
2300,0.0
2301,0.0
2302,8.685203268308883e-19
2303,0.0
2304,3.299008390541609e-05
2305,0.0
2306,0.0
2307,0.0
2308,0.0
2309,0.0
2310,0.0
2311,0.0
2312,0.0
2313,0.0
2314,0.0
2315,0.0
2316,0.0
2317,0.0
2318,0.0
2319,0.0
2320,0.0
2321,7.729136827828882e-19
2322,0.00014132942847000382
2323,0.0
2324,0.0
2325,0.0
2326,0.0
2327,0.0
2328,0.0
2329,0.0
2330,0.0
2331,0.00014744468554515636
2332,0.0
2333,0.0
2334,0.0
2335,0.0
2336,0.0009521507397676433
2337,0.0
2338,0.0
2339,0.0
2340,0.0
2341,0.0
2342,0.00019734219269103021
2343,0.0010622074382478622
2344,0.0
2345,0.0003487246684221699
2346,0.0
2347,0.0
2348,2.972027972027967e-05
2349,0.0013047602318880392
2350,0.0
2351,0.0
2352,0.00028054271421189595
2353,0.0
2354,0.00019781773353556937
2355,0.0
2356,3.2144594045742537e-18
2357,0.0
2358,9.073661037569158e-05
2359,0.0
2360,0.0008064182323689785
2361,0.0
2362,0.0
2363,6.111542852756871e-05
2364,0.0
2365,0.0
2366,0.0
2367,0.0
2368,7.255990212748191e-19
2369,1.8084407698877092e-19
2370,0.00017891918208373956
2371,0.00040955033668947654
2372,0.0
2373,0.00017680155909664133
2374,3.224884538999198e-19
2375,0.0
2376,0.00014998403723124695
2377,0.0
2378,0.00023267677885855604
2379,0.0
2380,0.0018519754836272533
2381,0.00029480623627181466
2382,0.0
2383,0.0
2384,0.0
2385,0.0004969076382446554
2386,0.0003655801131692206
2387,0.0
2388,0.0
2389,0.001223133390585947
2390,0.0
2391,0.00039193176733255696
2392,0.00010094959176428822
2393,0.0
2394,0.0
2395,5.8471871112846275e-05
2396,0.0
2397,0.0
2398,0.00044629107110732904
2399,0.0
2400,0.0
2401,0.0
2402,0.0
2403,0.0
2404,0.0
2405,0.00026590089305547767
2406,0.0005595291309462019
2407,0.0
2408,0.0
2409,0.0
2410,0.0
2411,0.0
2412,0.0011506236322364025
2413,0.0002794516744348534
2414,0.0016451729431311984
2415,0.0
2416,0.0
2417,0.0
2418,0.0
2419,0.0
2420,0.0001388595937977124
2421,0.0
2422,0.0
2423,0.0001461073898101569
2424,0.0
2425,0.0032213170323367006
2426,9.884972173888844e-19
2427,9.186594818110437e-05
2428,0.0
2429,0.0
2430,0.0012822498720394021
2431,0.0
2432,7.805869881748367e-19
2433,0.00030374137978864905
2434,0.0
2435,0.0
2436,0.00012979249412336887
2437,0.0
2438,0.0
2439,0.0010713339764576646
2440,0.0
2441,0.0
2442,0.0
2443,0.0
2444,0.0
2445,0.0005205685141445335
2446,0.00035530385707653237
2447,0.0
2448,9.334621760669053e-05
2449,0.00013392317463098414
2450,3.448166012232791e-05
2451,1.4833651948787448e-18
2452,0.0
2453,0.0
2454,0.0
2455,0.0
2456,0.0
2457,0.00029764967382989464
2458,0.0
2459,0.0
2460,0.00021650815791283168
2461,0.00016634953969402045
2462,0.00015356460393610254
2463,0.00015582472481308316
2464,9.734043197782963e-05
2465,0.0
2466,0.00033802087464879655
2467,0.000137680203938115
2468,0.0002261270855520063
2469,0.0
2470,0.0
2471,0.0
2472,0.00024065290024349032
2473,0.0
2474,0.0
2475,0.000292155318460851
2476,1.070144901938119e-18
2477,0.0003138148961493981
2478,0.0
2479,0.00041579997235802093
2480,0.0
2481,0.0
2482,0.0
2483,0.0
2484,0.0
2485,0.0
2486,0.0
2487,8.770992652571532e-05
2488,0.0009576662097555108
2489,0.0
2490,0.00014228143761822474
2491,0.0
2492,0.00040984713047970004
2493,0.0009031698782764522
2494,0.0
2495,0.0
2496,0.0
2497,0.0
2498,0.0
2499,0.0
2500,0.0
2501,0.0
2502,0.00015973340722076848
2503,0.0
2504,6.683874726242251e-19
2505,0.00017685822222211306
2506,0.00047759224466203216
2507,8.752708115870807e-20
2508,0.0
2509,0.0
2510,2.8307700207975042e-05
2511,0.0
2512,0.0
2513,0.0
2514,0.0
2515,0.00014155820056729253
2516,0.0
2517,0.00028732891451139836
2518,0.0
2519,0.0
2520,0.0
2521,0.0
2522,0.00012467398346280593
2523,0.0
2524,0.0003149009946162916
2525,1.9072055371523636e-18
2526,1.4644670650821099e-18
2527,0.0
2528,0.00011877724086264781
2529,0.0
2530,0.0
2531,0.0
2532,0.0
2533,0.0
2534,0.0
2535,0.0
2536,6.757490230134573e-05
2537,0.00012980637928181084
2538,0.0
2539,0.0
2540,0.0
2541,0.00017203717925041485
2542,0.0001667008702894286
2543,1.2081741053779335e-18
2544,0.0
2545,0.0
2546,0.0
2547,8.386604474232435e-05
2548,0.0001382644529128264
2549,0.0
2550,0.0
2551,0.0
2552,2.660448501565838e-18
2553,0.0
2554,0.0
2555,2.1854956668892166e-19
2556,0.0
2557,6.351970538275995e-05
2558,3.2498292759952416e-05
2559,0.0002703702907133267
2560,0.0
2561,0.0005861489533483087
2562,0.00041368042670906845
2563,0.0
2564,0.0
2565,0.0
2566,0.0
2567,3.1915174818064786e-19
2568,0.0
2569,0.0
2570,0.0
2571,0.0
2572,0.0006836738507408996
2573,0.000730143759884806
2574,0.00011693728461277059
2575,0.0006008443830610604
2576,0.0
2577,0.0
2578,3.1732368241514694e-05
2579,0.00014442116770512853
2580,3.082869233613232e-05
2581,0.0
2582,0.0
2583,0.0
2584,0.0
2585,0.0
2586,0.0
2587,0.00022805896805896874
2588,0.0
2589,0.00012317945261896713
2590,0.0
2591,0.0
2592,0.0004009117473308592
2593,0.0
2594,0.0003036092670369857
2595,0.0
2596,0.0002578451051678103
2597,0.0
2598,0.0
2599,0.0
2600,0.0
2601,9.608885100836885e-19
2602,0.0
2603,3.3595532421141544e-05
2604,0.0
2605,0.001127179388277978
2606,6.760767047600538e-05
2607,0.0
2608,0.0
2609,0.0007278121807324834
2610,0.0
2611,0.0
2612,5.8669056221650996e-05
2613,3.191517481806477e-19
2614,0.0
2615,0.0001883412056336854
2616,0.0
2617,0.0
2618,0.00045030732636451576
2619,0.0
2620,0.0
2621,0.0
2622,0.0
2623,0.0
2624,0.0
2625,0.0
2626,0.0
2627,0.002594811209806207
2628,0.0004768964766733193
2629,0.0
2630,0.0
2631,0.0
2632,0.001280259472357631
2633,0.0
2634,0.0
2635,0.0025198152228460557
2636,0.00638604036786225
2637,0.0
2638,0.0
2639,0.0
2640,0.0
2641,0.00041898702680984835
2642,0.0003346755201743607
2643,0.0
2644,7.103929308334089e-05
2645,0.0009093920386022176
2646,5.9501023890738066e-05
2647,0.0
2648,0.0
2649,0.0
2650,0.0
2651,0.0
2652,0.0
2653,0.0
2654,0.0008111591879672958
2655,8.796098332351764e-05
2656,0.0
2657,0.0001547602752173439
2658,0.0
2659,0.000495509003454956
2660,0.0
2661,0.000986176802774759
2662,6.166713020545856e-05
2663,0.0
2664,8.638993892457161e-19
2665,9.90899898887764e-05
2666,0.0
2667,0.0
2668,0.00013818843174957294
2669,0.0
2670,0.00017154534546545436
2671,0.00046002190580503956
2672,0.0001463970762285406
2673,0.0
2674,0.0
2675,0.0
2676,0.0
2677,0.0
2678,0.0
2679,0.0
2680,0.0
2681,0.0003097556586521215
2682,0.0
2683,0.0
2684,0.0
2685,0.0
2686,0.0
2687,0.0
2688,0.0010587453966280993
2689,0.0
2690,0.0
2691,3.3023508509171097e-05
2692,8.289160510061242e-19
2693,0.00013316500587861067
2694,0.0
2695,0.0
2696,0.0
2697,0.0
2698,0.0
2699,0.00016062062937062996
2700,0.0
2701,0.0002053336130998598
2702,0.0
2703,0.0
2704,0.0
2705,0.0
2706,5.7043435033865264e-05
2707,1.0760398694503384e-18
2708,0.0
2709,0.0
2710,0.0
2711,0.0
2712,0.0
2713,9.699003291295955e-05
2714,0.0
2715,0.00039627039627039394
2716,0.0
2717,0.0
2718,0.0
2719,0.0
2720,3.256171412721946e-05
2721,0.0
2722,0.0
2723,0.0
2724,0.0
2725,6.098683458808836e-05
2726,0.0
2727,0.0
2728,0.00013609505782780472
2729,0.00026646864798815365
2730,0.0
2731,0.0
2732,0.0
2733,1.3547875242250633e-18
2734,0.0
2735,0.0
2736,0.0
2737,9.216424258728965e-05
2738,0.0006328790326468106
2739,0.0
2740,2.7957121385425488e-05
2741,3.462883667691223e-19
2742,0.0
2743,0.00030979218871111095
2744,2.5532726486238678e-20
2745,0.0
2746,0.0
2747,0.0
2748,3.050969131371198e-05
2749,0.0
2750,6.151817789069121e-19
2751,9.471905744445425e-05
2752,0.0
2753,0.0
2754,0.0
2755,0.0
2756,0.0013489908941291288
2757,0.00013675269147050251
2758,0.0
2759,8.697195598154052e-05
2760,0.0
2761,0.0
2762,0.0
2763,0.0001118358711029936
2764,0.0
2765,0.0
2766,0.0
2767,0.0
2768,0.0
2769,0.0
2770,3.085272466568741e-19
2771,6.41361154086634e-19
2772,0.00036650208976465935
2773,0.0
2774,0.00013802034638378953
2775,0.0
2776,0.0003356698871697855
2777,0.0
2778,0.0005481251827945336
2779,0.0
2780,0.0
2781,0.0
2782,0.0
2783,0.0
2784,0.0
2785,0.0
2786,0.0
2787,0.0
2788,0.0
2789,0.0
2790,0.0
2791,0.0
2792,0.0
2793,0.0
2794,0.0
2795,0.0
2796,0.0
2797,0.0
2798,0.00017083854818523137
2799,0.0
2800,0.0
2801,0.0
2802,0.0
2803,0.0
2804,0.0
2805,2.907631653055489e-05
2806,0.0
2807,0.0
2808,0.0
2809,0.0
2810,0.00011457036388836673
2811,3.140684536316141e-05
2812,0.0
2813,5.075305255429278e-19
2814,0.0
2815,0.0
2816,0.0
2817,0.0
2818,0.0
2819,0.0002849675148474769
2820,0.0002425658749304142
2821,0.0
2822,0.0
2823,0.0002595849882467376
2824,0.0012791673655993701
2825,0.0
2826,0.0002646748899770653
2827,0.0
2828,0.0
2829,7.338201646023954e-19
2830,0.0004495331554224841
2831,0.0
2832,0.0
2833,8.387136415627645e-05
2834,0.0
2835,3.165600077180285e-05
2836,0.0
2837,0.00037554556758742885
2838,0.00026544645565780583
2839,0.0
2840,0.0005394954636890213
2841,0.0
2842,0.0
2843,0.0
2844,0.0
2845,0.00023367272727272689
2846,0.00012941002719209222
2847,0.0
2848,0.0
2849,0.0
2850,6.183221454311036e-05
2851,0.0
2852,0.0007490053890132236
2853,0.0
2854,0.0
2855,0.0
2856,0.0
2857,0.0010699696291714452
2858,0.00014719658908497328
2859,0.0003683416004729915
2860,0.0
2861,9.19899077546558e-19
2862,0.0
2863,0.0
2864,0.0
2865,0.00047573579937264135
2866,0.0013221798903411222
2867,0.0
2868,0.0
2869,9.691160809371656e-05
2870,7.237937107187802e-19
2871,0.0
2872,0.00014120510979807364
2873,0.0
2874,0.0014966497913916762
2875,0.0
2876,0.0
2877,0.0
2878,0.00014795675027780582
2879,0.0
2880,0.0
2881,0.0
2882,0.0
2883,3.093939828101671e-05
2884,0.00034628576238391164
2885,0.0023212760412338325
2886,0.0010517896746926206
2887,0.0006009161177421303
2888,0.0
2889,0.0003109552240899558
2890,0.0
2891,0.0
2892,0.0
2893,0.001680905393546794
2894,0.0018783875448181652
2895,0.0
2896,0.00026345978473105955
2897,0.0
2898,0.0
2899,0.0
2900,0.0
2901,0.0008207911154797649
2902,0.0010292429399345838
2903,0.0
2904,0.0
2905,0.0
2906,0.00017268820627089004
2907,0.0
2908,0.0
2909,0.00020725886025751942
2910,0.0
2911,0.00256386290777683
2912,0.0
2913,0.0
2914,0.0
2915,0.0
2916,0.0
2917,0.0
2918,0.0
2919,0.00029801210356978746
2920,0.00032262101524638964
2921,0.0023324690316098183
2922,0.0
2923,0.0
2924,2.4252794728022277e-05
2925,0.0002564148623817595
2926,0.0
2927,0.0
2928,0.0
2929,0.0028573236125876925
2930,0.0009392923003935655
2931,0.0
2932,0.0
2933,0.0
2934,5.0401820969015785e-05
2935,0.0
2936,0.0
2937,0.0
2938,0.0
2939,0.0
2940,0.0002631566948545975
2941,0.0
2942,0.0
2943,0.0
2944,0.0
2945,0.0
2946,0.0
2947,0.00019979801179689793
2948,0.00015579937304075356
2949,0.0
2950,2.9441242796291683e-05
2951,0.0
2952,0.0008721028941466948
2953,0.0
2954,5.9010779126692666e-05
2955,0.0
2956,0.0
2957,0.0012427977558440114
2958,0.0
2959,7.207542591284165e-19
2960,0.0
2961,0.0
2962,0.0
2963,0.0
2964,0.0035604594649665316
2965,0.0
2966,0.00027721025050303624
2967,0.0
2968,0.0
2969,0.0
2970,0.0
2971,0.0
2972,1.2711327995994208e-18
2973,0.0
2974,0.0006860186753935979
2975,0.0
2976,0.0
2977,0.0003537024052824753
2978,0.00014814378005790534
2979,0.0
2980,0.0
2981,0.0
2982,0.0006061985987438432
2983,0.0002425279119113312
2984,0.0
2985,0.00024485096028504377
2986,0.0
2987,0.0001373631532495837
2988,0.0
2989,0.00032448394622656897
2990,0.0
2991,0.000539464091231732
2992,0.0017053990055245522
2993,0.0011360010943765606
2994,0.0
2995,0.0
2996,0.0
2997,0.00014500848416289537
2998,0.0
2999,0.0
3000,0.0010706560021810571
3001,0.0018009589568961175
3002,0.0
3003,0.0
3004,0.0
3005,0.0
3006,0.0
3007,0.00014131111451951968
3008,0.0002610787637545503
3009,0.00025622865553228536
3010,0.00023810411336898905
3011,0.0
3012,0.0
3013,1.412164669900606e-18
3014,0.0
3015,0.0
3016,0.0
3017,0.0011637491763851766
3018,0.0009437432843799733
3019,0.0006894067898903427
3020,9.365623109550104e-05
3021,0.0
3022,0.0
3023,0.0003100031369219582
3024,0.0001485464201988025
3025,0.0
3026,0.0
3027,0.0017413041550007839
3028,0.0
3029,0.0
3030,0.0
3031,0.0
3032,0.0
3033,0.0
3034,0.0
3035,0.0
3036,0.0006972428535207472
3037,0.00013515074005000945
3038,0.00031666951275044936
3039,6.0900512104595325e-05
3040,0.0
3041,0.0002116957819601463
3042,0.0
3043,0.0
3044,0.0
3045,0.0
3046,0.0
3047,0.0
3048,0.0
3049,0.0
3050,0.0
3051,3.128489611861824e-19
3052,0.0006288512984274943
3053,0.0
3054,3.154248142971754e-05
3055,0.0
3056,0.0
3057,0.0
3058,1.973004903525163e-18
3059,0.0
3060,5.5194805194805336e-05
3061,0.001500724731910922
3062,0.0005620682165018992
3063,0.0004172754180319912
3064,0.00048162068447679814
3065,0.0
3066,0.0
3067,1.354981187020471e-18
3068,0.0
3069,0.0
3070,0.0
3071,0.0
3072,0.00010611964928325729
3073,3.3407554336905684e-05
3074,0.0
3075,0.00019115257469480074
3076,0.0
3077,0.0001813311437643372
3078,0.0
3079,0.0
3080,0.0006116844876250112
3081,0.00041048600455770843
3082,0.0007563945400553333
3083,0.0
3084,0.0004375365448103479
3085,0.0
3086,0.0
3087,0.0002928941161991133
3088,0.0010054948231047083
3089,0.0008422873377665305
3090,0.0009338361161937852
3091,0.0010297303812489577
3092,0.0021566120939288565
3093,0.0
3094,6.733649320298847e-05
3095,0.0
3096,0.0
3097,0.0005872896729096294
3098,0.0
3099,0.0
3100,0.0
3101,0.0
3102,3.244366429621622e-05
3103,1.692478203311411e-18
3104,7.844591956267225e-05
3105,0.0
3106,2.233022874011015e-18
3107,0.0
3108,0.0
3109,0.0
3110,0.0005735492577597785
3111,0.0
3112,0.0
3113,0.0
3114,0.0
3115,0.0002892099597740058
3116,0.0
3117,0.0
3118,0.0
3119,0.002186272858158652
3120,0.0
3121,0.0
3122,0.0
3123,0.0
3124,0.0
3125,0.0
3126,0.0
3127,0.00012082853855005753
3128,0.00015403671054538913
3129,0.0
3130,0.0
3131,6.264028897957222e-19
3132,0.0
3133,3.415326335925902e-05
3134,0.0
3135,0.0
3136,0.0
3137,0.0
3138,0.0
3139,0.0
3140,0.0
3141,0.0003912225423419223
3142,0.0
3143,0.0
3144,0.0
3145,0.0
3146,0.0
3147,0.0
3148,0.0
3149,0.00046142628922330874
3150,0.0
3151,0.0
3152,5.8516196447231895e-05
3153,0.0
3154,0.0
3155,0.000212341545567311
3156,0.0
3157,0.0
3158,0.0
3159,0.0
3160,0.0
3161,3.0512820512820497e-05
3162,1.3144909805703253e-19
3163,0.0
3164,0.0
3165,0.0
3166,0.0
3167,0.0
3168,5.835872902801168e-05
3169,0.0
3170,0.0
3171,0.0
3172,0.0
3173,0.0
3174,0.0004923056764377542
3175,0.0
3176,3.0266998162360794e-05
3177,0.0002914093196505263
3178,0.0
3179,5.559099967210932e-19
3180,1.361615738192944e-18
3181,4.811820356698363e-19
3182,0.0
3183,0.0004473883011109456
3184,0.0
3185,0.0
3186,0.00031025282217045694
3187,6.249709369913823e-05
3188,0.00032834695731702337
3189,0.0
3190,0.0
3191,0.0
3192,0.0
3193,0.0
3194,0.0
3195,0.0
3196,0.00032660567436274603
3197,2.0973826575649827e-18
3198,0.0
3199,0.0
3200,0.0
3201,0.0009372318579219136
3202,0.000937173292952503
3203,0.0
3204,0.0
3205,0.0
3206,0.0
3207,0.0
3208,0.0
3209,0.0005458754255249529
3210,0.0
3211,0.0
3212,2.185495666889218e-19
3213,0.0
3214,0.0
3215,0.0
3216,0.0
3217,0.0
3218,0.0
3219,0.0
3220,0.0001341196111527613
3221,0.00014138718057734326
3222,0.0
3223,0.00011638581287112872
3224,0.0
3225,0.0
3226,3.090297479128027e-05
3227,0.0
3228,6.174088915370714e-05
3229,0.00022830089906279865
3230,0.00015508048876713645
3231,0.0
3232,3.1504539244415385e-05
3233,0.0
3234,0.0
3235,0.0
3236,6.275463999400342e-05
3237,0.0
3238,0.0
3239,0.0001465598823057817
3240,0.0
3241,0.0
3242,6.122401914151407e-05
3243,0.00010080364193803236
3244,0.0
3245,0.0
3246,0.0
3247,0.0
3248,0.0
3249,0.0
3250,0.0
3251,0.0001287565041945416
3252,0.0
3253,0.0
3254,0.0
3255,9.405151810215376e-05
3256,3.321648707509051e-05
3257,0.0008823207974508671
3258,0.0001388402604538993
3259,0.0
3260,0.0
3261,0.0
3262,0.0
3263,0.0
3264,6.173057647330981e-05
3265,0.0
3266,0.0
3267,0.0
3268,0.0
3269,0.0
3270,0.0
3271,0.0
3272,0.0
3273,0.0
3274,0.0
3275,0.0
3276,0.0
3277,0.0
3278,3.0865288236654485e-05
3279,0.0
3280,5.8471805510874687e-05
3281,0.0
3282,0.0
3283,0.0
3284,0.0002608813058936751
3285,0.0
3286,0.00023753076325079878
3287,3.523516255100937e-19
3288,0.0
3289,0.0
3290,6.00396476615275e-05
3291,0.0
3292,0.0
3293,0.0
3294,0.0
3295,0.0
3296,0.0
3297,0.0
3298,0.0
3299,0.0
3300,0.0
3301,0.0
3302,0.0005102369323202933
3303,0.0
3304,0.0
3305,0.0
3306,0.0
3307,0.0
3308,0.0
3309,0.0
3310,0.0
3311,0.0
3312,0.0
3313,6.012349241156536e-05
3314,0.0
3315,0.0
3316,0.0
3317,0.0
3318,0.0
3319,0.0
3320,0.0
3321,0.0
3322,0.0
3323,0.0
3324,0.0
3325,0.00021091280295047684
3326,0.0002451906225018841
3327,0.0
3328,0.0
3329,0.0
3330,3.0415126145789638e-05
3331,5.47081658593567e-05
3332,0.0
3333,0.0
3334,0.0
3335,0.00011503521436988764
3336,0.0
3337,0.00025363244540223647
3338,0.0
3339,0.0
3340,0.0
3341,0.0
3342,0.0
3343,0.0
3344,0.0
3345,0.0
3346,0.0
3347,0.0
3348,0.00013386099391284718
3349,0.0002480768891582547
3350,0.0
3351,0.0
3352,0.00022922704622257474
3353,0.0
3354,0.0
3355,0.0
3356,0.0
3357,0.0
3358,0.0
3359,2.902184387064288e-05
3360,0.0
3361,0.0
3362,0.0
3363,0.0
3364,0.0004336444395354655
3365,0.0
3366,0.0
3367,0.0
3368,0.0
3369,0.0
3370,0.0
3371,2.5059478919456943e-18
3372,0.0
3373,0.0
3374,0.0
3375,0.0
3376,0.0
3377,1.225374779357779e-18
3378,6.0388456111616024e-05
3379,0.0
3380,0.0
3381,0.00018569342083500504
3382,0.0
3383,0.0
3384,6.873451188683162e-19
3385,0.0
3386,0.0
3387,0.0
3388,5.771568010452775e-19
3389,8.321678321678312e-05
3390,0.00020092450298319527
3391,0.0005163591643284412
3392,0.0
3393,8.687459389213788e-05
3394,1.0046893166042834e-19
3395,3.063506907955016e-05
3396,0.0
3397,0.0
3398,0.0029373693602053334
3399,0.0010987976250730845
3400,0.0
3401,0.0
3402,0.0
3403,0.0
3404,0.0
3405,1.3991653561624434e-18
3406,0.0
3407,0.0
3408,0.0
3409,0.0
3410,8.262529310393575e-05
3411,0.0
3412,0.0
3413,0.0
3414,0.0
3415,0.00017826333217148727
3416,0.0014984622033136503
3417,2.991128129824871e-05
3418,0.0
3419,1.493826027237388e-18
3420,0.0
3421,0.0
3422,0.0
3423,0.00045310252202409066
3424,0.0
3425,0.0008146474860798357
3426,0.0
3427,0.00012658846529814318
3428,0.0
3429,0.0
3430,0.0
3431,0.0
3432,5.3348443085134e-19
3433,0.00025433089175677236
3434,0.0
3435,0.0
3436,0.0
3437,0.0
3438,0.0
3439,0.0
3440,0.0
3441,3.426190660944437e-05
3442,0.0
3443,0.0006833810923939872
3444,0.0009616203935907962
3445,0.00011112384007331911
3446,0.0
3447,0.0
3448,0.0
3449,0.0
3450,0.0
3451,0.0003435600364885277
3452,0.0003111088407148942
3453,0.0
3454,0.0
3455,0.00010512114327553506
3456,0.0
3457,0.0
3458,0.0
3459,0.0
3460,0.0009018780903630118
3461,0.0
3462,0.0
3463,0.0
3464,0.0
3465,0.0003422659966963069
3466,0.0
3467,0.0
3468,0.0
3469,0.0010529833439312758
3470,0.00034173882255910114
3471,0.0006467484610277485
3472,0.0
3473,0.0
3474,0.0
3475,0.0
3476,0.0
3477,0.0
3478,0.0
3479,0.0
3480,0.0
3481,0.0
3482,0.0
3483,0.0
3484,0.0
3485,0.0
3486,8.627283953709429e-19
3487,0.0
3488,0.0
3489,0.0
3490,0.0
3491,0.0
3492,0.00011248682824025274
3493,0.0
3494,0.0
3495,0.0
3496,0.0003986551595337097
3497,0.0
3498,0.0001252800422691629
3499,0.00016515123399517536
3500,0.0
3501,0.0
3502,0.0
3503,0.0
3504,0.0
3505,0.0008896794518024118
3506,9.390819586167948e-05
3507,0.0
3508,0.0
3509,0.0
3510,0.00024814961631993836
3511,0.0
3512,0.0
3513,0.0
3514,0.0
3515,0.0
3516,0.0
3517,0.0
3518,0.0
3519,0.00027244441609434853
3520,0.0
3521,1.9237396487348943e-05
3522,0.00020612980769230772
3523,0.0
3524,0.0
3525,0.0
3526,0.0
3527,0.0
3528,1.1983487802319252e-18
3529,0.0
3530,0.0
3531,0.0002881147028116493
3532,3.081047237586467e-19
3533,0.0
3534,0.0
3535,0.0
3536,0.0
3537,0.0
3538,0.0
3539,0.0
3540,0.0007536624558088373
3541,0.0005791812034336684
3542,0.0
3543,0.0
3544,6.470893043338131e-19
3545,3.2408562471310046e-05
3546,0.0001338956461143641
3547,0.0
3548,0.0
3549,0.0
3550,0.002169373170721611
3551,0.0
3552,0.0
3553,0.0
3554,0.0
3555,0.0
3556,4.347424604547134e-18
3557,0.0002205092860048473
3558,0.0
3559,0.0
3560,3.1757719341362843e-19
3561,0.0
3562,0.0
3563,0.0001421061710685203
3564,0.0
3565,0.0
3566,0.0
3567,0.0007856409182067484
3568,0.0
3569,0.0
3570,3.0075187969924757e-05
3571,0.0
3572,0.0
3573,0.0
3574,0.0
3575,8.624188311688355e-05
3576,0.0
3577,0.0
3578,2.7615408122924213e-19
3579,0.0
3580,0.0
3581,0.0
3582,0.0
3583,4.980728860039007e-19
3584,0.0
3585,0.0
3586,0.0
3587,0.0
3588,0.0
3589,0.0
3590,0.00020055718002440443
3591,0.0
3592,0.0
3593,0.0005648985860408662
3594,0.0001379993047483541
3595,0.0004081311077157756
3596,0.0
3597,9.249514093217262e-05
3598,0.0
3599,3.608865267523771e-19
3600,0.00019572571247553397
3601,0.00033713754711162304
3602,0.0007105766550502398
3603,0.001636382790420461
3604,0.0
3605,0.0
3606,0.0
3607,0.0
3608,0.0
3609,0.0
3610,0.0
3611,0.0
3612,0.0
3613,0.00013635302590081781
3614,5.603356947296052e-20
3615,0.0
3616,0.0
3617,0.0
3618,0.0
3619,0.0
3620,0.0007718943403553162
3621,0.0007404443386234016
3622,0.0
3623,0.0
3624,6.154377371173406e-18
3625,0.0
3626,0.0
3627,0.00016887526703485245
3628,0.00013585773678131778
3629,6.59971119929541e-19
3630,0.00031855439642324853
3631,3.574581708073416e-19
3632,0.0
3633,0.0
3634,0.0
3635,0.0
3636,0.0004632604144909826
3637,0.0
3638,0.0
3639,0.0
3640,0.0007084721585291632
3641,0.0
3642,0.00020079198727545998
3643,0.0
3644,0.0
3645,0.0005206069076265606
3646,0.0
3647,0.0
3648,0.0
3649,0.001027474293382687
3650,0.0
3651,0.0
3652,0.0
3653,1.2952601953960141e-18
3654,6.468283829843754e-05
3655,3.034889231179875e-19
3656,0.000363607417321474
3657,0.0
3658,0.0
3659,0.0
3660,0.0
3661,3.414608512874468e-05
3662,0.0
3663,0.0007870771923224288
3664,0.0001358958725446037
3665,0.0002728690228690226
3666,0.0
3667,0.0
3668,0.0
3669,5.977715403976935e-19
3670,0.0
3671,0.0
3672,0.0
3673,0.0
3674,7.09180395335261e-05
3675,0.0
3676,0.0
3677,2.70046801720688e-19
3678,0.0
3679,0.0
3680,0.0
3681,0.001954451974149099
3682,0.0
3683,0.0
3684,0.0
3685,0.0
3686,0.0
3687,0.0
3688,0.0
3689,0.0
3690,0.0
3691,0.0
3692,0.0
3693,0.0
3694,0.0
3695,0.0003765818502682726
3696,2.589676382313419e-18
3697,0.0
3698,0.0
3699,0.0
3700,0.0
3701,0.0001132581360946744
3702,5.087812161767139e-05
3703,0.0
3704,0.0005694932091505693
3705,3.1320144489786118e-19
3706,0.0
3707,0.0
3708,0.0003224887222506957
3709,0.0
3710,0.0
3711,0.0
3712,0.0
3713,0.0
3714,0.0
3715,0.0
3716,2.8042474252166937e-19
3717,0.00012152287133110105
3718,0.0
3719,0.00015596975944707331
3720,0.0
3721,7.564531878849671e-20
3722,0.0
3723,0.0
3724,0.0
3725,0.0
3726,0.0001823711303148404
3727,0.0
3728,0.0
3729,0.00011569891905911088
3730,0.0
3731,0.0014111218978156254
3732,6.0224686152412284e-05
3733,0.0
3734,0.0
3735,9.445466176235183e-05
3736,0.0
3737,0.0
3738,0.0
3739,0.00032624196339371014
3740,0.0
3741,0.0
3742,3.014361375627352e-18
3743,2.2885005856155536e-19
3744,0.00021464706051624004
3745,0.00015235681438127122
3746,0.0
3747,3.094781084818777e-05
3748,0.0
3749,0.0
3750,0.0
3751,0.0
3752,0.0
3753,0.0
3754,0.0
3755,0.0
3756,0.0
3757,0.00037621359223300886
3758,0.00012159186912777151
3759,0.0
3760,0.0
3761,0.0
3762,0.0
3763,0.0
3764,0.0
3765,0.0
3766,0.0001202803646553211
3767,0.0
3768,0.0
3769,0.0
3770,0.0
3771,3.4288859442075e-05
3772,0.0
3773,0.0
3774,0.0
3775,0.0
3776,0.00014034240079531198
3777,0.00014337116867891805
3778,0.0
3779,0.0
3780,0.0
3781,0.0
3782,0.0
3783,0.0
3784,0.0
3785,6.16180777422787e-05
3786,0.0
3787,0.0
3788,0.0
3789,0.0
3790,0.0
3791,0.0
3792,0.0
3793,0.0
3794,0.0
3795,0.0
3796,0.0
3797,0.00022459769020919475
3798,0.0
3799,0.0
3800,3.0183832410838252e-05
3801,0.0003231714651859225
3802,2.6218713656303934e-18
3803,0.0
3804,0.0
3805,0.0
3806,6.332980064856417e-05
3807,0.0
3808,0.0
3809,0.0009787840580249166
3810,0.0
3811,2.9232439655892368e-05
3812,0.0
3813,6.204081632652983e-05
3814,0.0
3815,0.0
3816,0.0
3817,0.0
3818,0.0
3819,0.0
3820,0.0
3821,3.2248845389991962e-19
3822,0.0
3823,7.73374874905245e-19
3824,0.0006256975674960402
3825,0.0001442817956290956
3826,0.0
3827,0.0
3828,0.0
3829,0.0
3830,0.0
3831,0.0
3832,0.0
3833,0.0
3834,0.0
3835,0.0001577509588471057
3836,0.0
3837,0.0
3838,0.0
3839,0.0
3840,6.941863049779663e-19
3841,0.0
3842,0.0
3843,0.00015702671312427572
3844,0.0
3845,0.0002561114521032869
3846,0.0
3847,0.0
3848,0.0
3849,0.00010043466807165423
3850,0.0
3851,0.0
3852,0.0
3853,0.0
3854,0.0
3855,3.191517481806477e-19
3856,3.0636812478754756e-05
3857,0.0
3858,0.0
3859,0.0
3860,0.0
3861,0.0
3862,0.0
3863,0.0
3864,0.0006080470220646598
3865,0.0
3866,0.0
3867,8.144493177387926e-05
3868,0.0
3869,0.0
3870,0.00034821067091104997
3871,0.0
3872,0.00017335975387732923
3873,6.424419592780172e-05
3874,0.0
3875,0.0
3876,0.0
3877,3.2998555996477885e-18
3878,0.0
3879,3.111840626862463e-05
3880,4.863834203119725e-19
3881,0.000596030943159806
3882,1.123047552976039e-19
3883,0.0
3884,0.0
3885,0.0
3886,0.0
3887,0.0
3888,0.0
3889,0.0
3890,0.0003563432645847732
3891,0.0
3892,0.0
3893,0.0
3894,0.0
3895,2.576402321917835e-18
3896,0.0
3897,0.0
3898,0.0
3899,3.1255546680867816e-05
3900,0.0
3901,0.0
3902,0.0
3903,0.0
3904,0.0
3905,0.0
3906,0.0
3907,0.0
3908,0.0
3909,0.0
3910,0.0
3911,0.0
3912,0.0
3913,0.00042645873211910184
3914,0.0
3915,0.0
3916,0.0
3917,0.0
3918,0.0
3919,3.0810472375864696e-19
3920,0.000253261716819624
3921,0.0
3922,2.2880441938215733e-19
3923,6.962365591397859e-05
3924,0.0004460769064112741
3925,0.00012334969994544446
3926,0.0
3927,0.0
3928,0.0
3929,0.0
3930,0.0
3931,0.0
3932,0.0
3933,0.0
3934,0.0
3935,0.0
3936,0.0
3937,0.0
3938,0.0
3939,0.00027444662231725683
3940,3.0677164674300466e-05
3941,0.0
3942,0.0
3943,0.0
3944,0.0
3945,0.0001586759896075944
3946,8.728841083099013e-05
3947,0.0
3948,0.0
3949,0.0
3950,0.0
3951,0.0
3952,0.0004728005624883525
3953,0.0
3954,0.0
3955,0.0
3956,0.00019041949074922115
3957,0.00011149467401845632
3958,0.0
3959,0.0
3960,0.0
3961,5.454032133873974e-06
3962,0.0
3963,0.0
3964,0.0
3965,0.0
3966,0.0
3967,0.0
3968,0.0
3969,0.0
3970,0.0
3971,0.0
3972,0.0003589094377176695
3973,3.2998555996477804e-19
3974,0.0
3975,0.0
3976,0.0
3977,0.0
3978,3.053076965835594e-05
3979,0.0
3980,0.0
3981,0.0
3982,0.0
3983,0.0
3984,0.0
3985,0.0
3986,0.0
3987,6.0642651462194926e-05
3988,0.0
3989,0.0
3990,0.0
3991,2.057347905157854e-18
3992,0.0004624366615367035
3993,0.0
3994,0.0
3995,0.0
3996,0.0
3997,0.0
3998,0.0
3999,0.0
4000,1.843792682079979e-18
4001,0.0
4002,0.0
4003,0.0
4004,0.0
4005,0.0
4006,0.0
4007,0.0
4008,0.0
4009,0.0003660103746036382
4010,0.0
4011,0.0
4012,0.0
4013,0.0001029637199795604
4014,0.0
4015,0.0
4016,0.00018024465340767227
4017,0.0
4018,0.0002469500450559096
4019,0.0
4020,0.0
4021,0.0
4022,1.5752356684008448e-18
4023,0.0
4024,0.0
4025,0.0
4026,0.0
4027,0.0
4028,0.0
4029,0.0
4030,0.0
4031,0.0008468582937787844
4032,0.0
4033,0.0
4034,0.0
4035,1.1979173898411087e-18
4036,0.0002692181149501037
4037,4.1270545441539645e-19
4038,0.0
4039,0.0
4040,0.0
4041,0.0
4042,0.0
4043,0.0
4044,0.0
4045,0.0
4046,0.0001870788710906437
4047,0.0
4048,0.0
4049,0.0
4050,0.00048805749393664535
4051,0.0
4052,0.00021373745212695063
4053,0.0
4054,0.00020022844387483852
4055,0.0
4056,0.0005389777569601482
4057,0.0
4058,2.0928697628171142e-18
4059,0.00036327909546407067
4060,0.0
4061,0.0
4062,0.0
4063,0.0001309882507770768
4064,0.0
4065,0.00010780437044745212
4066,0.0
4067,0.0
4068,0.0
4069,1.515265521650331e-18
4070,0.0
4071,0.0
4072,0.00014202490628412775
4073,0.0
4074,0.0
4075,0.0
4076,0.00014144777233202034
4077,0.0
4078,2.7721001532958708e-05
4079,0.0
4080,0.0
4081,0.0
4082,0.0
4083,0.0
4084,0.0
4085,0.0
4086,0.0
4087,0.0
4088,0.0
4089,0.0
4090,0.00030202374527792786
4091,0.0
4092,0.0003542040377716095
4093,0.0
4094,0.00028415893445076575
4095,0.0
4096,0.0
4097,0.0
4098,3.517587939698521e-05
4099,0.0
4100,0.0
4101,0.0
4102,0.0
4103,0.0
4104,2.6948855022740072e-05
4105,0.00013707090335914675
4106,0.0
4107,0.0
4108,0.0
4109,3.328671328671302e-05
4110,0.0
4111,0.0
4112,0.0
4113,0.0
4114,0.0001938069216757739
4115,0.00021169800219296645
4116,3.260922292206562e-19
4117,0.0
4118,0.0
4119,0.0
4120,9.162564379819564e-05
4121,0.0
4122,0.0
4123,0.0
4124,3.2800119007554164e-19
4125,0.0
4126,0.0011490211120437676
4127,0.0
4128,0.0
4129,0.0
4130,0.0
4131,0.0
4132,0.00028715973914643557
4133,0.0
4134,0.0
4135,0.0
4136,3.067936928548782e-05
4137,0.0002106099066649688
4138,0.00034643665158370874
4139,0.0
4140,0.0
4141,0.0
4142,0.0
4143,0.0
4144,0.0
4145,0.0
4146,0.0
4147,6.7348383995730955e-19
4148,0.0
4149,0.0
4150,0.0
4151,3.1055382197879103e-19
4152,0.0
4153,0.0
4154,0.00011368498852452624
4155,0.0
4156,0.0
4157,3.318611672530494e-05
4158,0.0
4159,0.0
4160,0.0
4161,0.0
4162,0.0
4163,0.0
4164,0.0
4165,0.0
4166,0.0
4167,0.0
4168,0.0
4169,0.0004305071829187588
4170,0.0
4171,0.0
4172,0.0
4173,0.0
4174,0.0
4175,0.0
4176,0.0
4177,0.0
4178,0.0
4179,0.0004184881545130924
4180,0.0
4181,0.0
4182,0.0
4183,0.0
4184,0.0
4185,1.2645161453504949e-18
4186,0.0
4187,0.0
4188,0.0
4189,0.0
4190,0.0
4191,0.0
4192,0.0
4193,0.00012033224990971515
4194,0.0
4195,3.058411131872075e-19
4196,8.069915795368859e-19
4197,0.0
4198,0.0
4199,0.0
4200,0.0
4201,0.0
4202,0.0
4203,0.0
4204,0.0
4205,0.0
4206,3.242214139577175e-05
4207,0.0
4208,0.0
4209,0.0
4210,3.291536050156737e-05
4211,0.0
4212,0.0001564945706841479
4213,0.0
4214,0.0
4215,0.0
4216,3.115319628273728e-05
4217,3.2800119007553755e-19
4218,2.4038401303900063e-18
4219,0.0
4220,8.685203268308883e-19
4221,0.0006987694431050749
4222,0.0
4223,0.0
4224,0.0
4225,0.0004941419303655871
4226,0.0
4227,3.2248845389991962e-19
4228,0.0
4229,0.0
4230,8.593314011705167e-05
4231,0.0
4232,0.0
4233,0.0
4234,3.558527714170091e-05
4235,2.9556650246305378e-05
4236,0.0
4237,0.0
4238,0.0
4239,0.00043523485379584614
4240,3.949434475165062e-19
4241,0.0
4242,6.366943866943916e-05
4243,5.5477855477855416e-05
4244,0.0
4245,0.0
4246,0.0
4247,0.0001448482456769742
4248,0.00019313082291659792
4249,0.0
4250,0.0
4251,0.0
4252,0.0
4253,9.51358595668663e-05
4254,0.00020112807620355967
4255,0.0
4256,0.0
4257,0.0
4258,0.0
4259,0.0
4260,0.0
4261,0.0
4262,0.0
4263,8.621185223375398e-19
4264,9.142857142857197e-05
4265,0.0
4266,0.000739148477141815
4267,0.0
4268,0.0
4269,0.0
4270,0.0
4271,0.00040859219104698584
4272,0.0
4273,0.0
4274,0.00040164251774929744
4275,0.00027851918878110996
4276,0.0
4277,0.0
4278,0.0
4279,0.0
4280,0.0
4281,0.0002716587086303069
4282,0.0006730051258177798
4283,0.0
4284,0.0007047441855769936
4285,8.587029148918361e-05
4286,0.0
4287,0.0
4288,0.0
4289,0.0
4290,0.0
4291,0.0
4292,0.0
4293,0.00025089912651167045
4294,0.0
4295,0.0
4296,0.0
4297,0.0
4298,8.173216377198405e-20
4299,0.0
4300,0.0
4301,0.0001196451251929938
4302,0.0
4303,4.6215708563797e-19
4304,0.0
4305,0.00012803093645484965
4306,0.0
4307,0.0
4308,0.0
4309,0.0
4310,0.0
4311,0.0
4312,7.242173466905529e-06
4313,0.000643981393747713
4314,0.0
4315,0.0005332950580724504
4316,0.0006183137734174873
4317,0.0
4318,1.2637023256438013e-18
4319,0.0
4320,0.0
4321,0.00030496684700809565
4322,0.0
4323,0.0
4324,0.0
4325,0.0
4326,0.0
4327,0.0
4328,0.0
4329,0.0
4330,6.0554736522728857e-05
4331,0.0
4332,0.0
4333,0.0
4334,6.648805918878975e-05
4335,0.0
4336,0.0
4337,0.0
4338,0.0
4339,0.0
4340,5.904469629669536e-05
4341,0.0
4342,0.0
4343,0.0
4344,0.0
4345,0.0
4346,0.0
4347,0.0
4348,0.0
4349,0.0
4350,0.0
4351,0.0
4352,3.175985269137997e-05
4353,0.0
4354,0.0
4355,0.00010959465722332667
4356,0.0
4357,0.0
4358,0.0
4359,0.0
4360,0.0
4361,0.0
4362,0.0
4363,0.0
4364,0.0
4365,0.0
4366,0.0
4367,0.0
4368,0.0
4369,0.0
4370,0.0
4371,0.0
4372,0.00034607517729128354
4373,0.00013776078993470284
4374,0.0
4375,0.0001318801503210193
4376,0.00028668140370268
4377,0.0
4378,0.0001804205469829831
4379,0.0
4380,0.0
4381,0.0
4382,0.0
4383,0.0
4384,0.0
4385,0.0
4386,0.0
4387,0.0
4388,6.660087634889643e-19
4389,0.0
4390,0.0
4391,5.9904074717680185e-05
4392,0.0
4393,0.0
4394,8.097264440313197e-19
4395,9.594055013309548e-05
4396,0.0
4397,0.0
4398,0.0
4399,0.0
4400,0.0
4401,0.0
4402,0.0
4403,0.0002088306452091136
4404,0.0
4405,0.0
4406,0.00012063258550800132
4407,0.0
4408,1.3604410310352973e-18
4409,0.0
4410,2.993224675447717e-05
4411,0.0
4412,0.0
4413,0.0
4414,6.383034963612954e-19
4415,0.0
4416,3.124124208284325e-05
4417,2.297978231177803e-18
4418,0.0
4419,3.6608707101145155e-19
4420,0.0
4421,0.0
4422,0.0
4423,0.00010509623981511148
4424,0.0
4425,7.920286152273876e-05
4426,0.0
4427,0.0
4428,0.0
4429,0.0
4430,0.0002464133015827008
4431,0.00025000000000000434
4432,0.0
4433,0.0
4434,0.0
4435,0.0
4436,0.0
4437,0.00030201427310841075
4438,8.02176823554314e-20
4439,0.0
4440,0.00014651638331656929
4441,3.005160084214469e-05
4442,0.0
4443,0.0
4444,0.0002830600389577252
4445,0.0
4446,5.7232710671098105e-05
4447,0.00022338049143707974
4448,0.0
4449,0.0
4450,0.0
4451,0.0
4452,0.0
4453,0.0
4454,0.0
4455,0.00024006381800577205
4456,0.0
4457,3.08012486992721e-05
4458,0.0
4459,0.0
4460,0.0
4461,0.0
4462,0.0
4463,0.0
4464,0.0
4465,0.0
4466,0.0
4467,0.0
4468,0.0
4469,0.0
4470,0.0
4471,0.0
4472,0.0
4473,3.0196146457734822e-05
4474,0.0
4475,4.891383438309843e-19
4476,3.360442787755583e-05
4477,0.000670954292063628
4478,7.003036796704273e-05
4479,0.0
4480,0.0
4481,0.0
4482,0.0
4483,0.000426925442469718
4484,0.0
4485,0.0001995883580705004
4486,0.0
4487,0.0
4488,0.0
4489,0.0
4490,0.0
4491,9.388560157791023e-05
4492,0.0
4493,0.0
4494,0.00023419577728966165
4495,0.0001293919242839962
4496,0.0
4497,0.0
4498,0.0
4499,0.0004112167960617544
4500,7.391175742290907e-19
4501,0.0
4502,0.0
4503,0.0
4504,2.966290886080236e-05
4505,0.0
4506,0.0
4507,0.0
4508,0.0
4509,0.0
4510,0.0
4511,2.6598271112377735e-05
4512,0.0
4513,0.0009139236500599597
4514,0.0
4515,0.0
4516,0.0
4517,0.0
4518,0.0
4519,0.0
4520,0.0
4521,0.0
4522,0.0
4523,0.0
4524,0.0
4525,0.0
4526,0.0001750748823277705
4527,0.0007143392377737455
4528,0.00013484291546013056
4529,0.0
4530,0.0
4531,0.00027436845698680114
4532,0.0001204775455809865
4533,0.0
4534,0.0
4535,0.0
4536,0.0
4537,1.0234793434508407e-18
4538,6.35154386827257e-19
4539,2.9822676584521292e-05
4540,0.00011212989384118118
4541,0.00022161904555595947
4542,0.0
4543,0.0008594335519190252
4544,0.0
4545,0.0
4546,0.0
4547,0.0
4548,0.0
4549,0.0
4550,0.0
4551,0.0
4552,0.0
4553,1.025126945557477e-18
4554,0.0
4555,0.0
4556,0.0
4557,0.0
4558,0.0
4559,0.0
4560,0.0
4561,0.0
4562,0.0
4563,0.001308992488680977
4564,0.0
4565,0.0
4566,0.0
4567,0.0
4568,7.5142991950846785e-19
4569,0.0
4570,0.0
4571,0.0
4572,0.0008459218196984098
4573,0.0
4574,0.0
4575,0.0
4576,0.0011735466802404837
4577,0.0
4578,0.0002930141582760614
4579,0.0
4580,0.0
4581,0.00013968847910967019
4582,0.0
4583,0.0
4584,0.0
4585,0.0003619508691360214
4586,0.00024633863664144174
4587,0.0
4588,0.0
4589,0.0
4590,0.0
4591,8.081909787217347e-05
4592,0.0
4593,0.0
4594,0.0002707407952949538
4595,0.0
4596,0.0
4597,0.0003923634041971214
4598,0.0
4599,0.0002611940298507465
4600,0.0
4601,0.0
4602,0.0
4603,0.0
4604,0.0
4605,0.0
4606,6.77082871686317e-19
4607,0.0
4608,0.0002638444986202582
4609,0.0
4610,1.832528388030748e-18
4611,0.0
4612,0.0003059994287765142
4613,0.0
4614,0.0
4615,0.0
4616,6.211076439575825e-19
4617,0.0
4618,0.00036351823882823
4619,0.0
4620,0.000116419343972078
4621,0.0
4622,0.0
4623,0.0
4624,0.0
4625,0.0
4626,0.0
4627,0.0
4628,0.00013627333463866128
4629,0.0
4630,7.200296403320379e-19
4631,0.0
4632,0.0003448678921694514
4633,0.0014386731939369257
4634,0.0009284817243110504
4635,0.00012471064980604867
4636,0.0
4637,0.0
4638,5.117396717254202e-19
4639,0.00012201680672268947
4640,0.0
4641,0.0
4642,0.0005067525744857096
4643,0.0
4644,0.0
4645,0.00018203665997919044
4646,0.0
4647,3.280011900755419e-19
4648,0.0
4649,0.0
4650,0.00030252711223202985
4651,0.0
4652,0.0
4653,0.0
4654,0.0
4655,0.0
4656,0.0
4657,0.0
4658,4.9707190284718375e-20
4659,0.0
4660,0.0
4661,1.0025487513880537e-18
4662,0.0
4663,0.0
4664,3.081047237586467e-19
4665,0.0
4666,0.0
4667,0.0
4668,0.0
4669,0.00013060572705591943
4670,0.00013238342293635165
4671,0.0
4672,0.0
4673,0.0
4674,0.0
4675,0.0
4676,0.0
4677,0.00020641018293524608
4678,0.0
4679,3.1915174818064776e-19
4680,0.0
4681,0.0
4682,0.0
4683,1.3851534670764902e-18
4684,0.0
4685,0.0
4686,0.0
4687,0.0
4688,2.8196140307940426e-19
4689,0.0
4690,0.0
4691,0.0
4692,0.0
4693,0.0
4694,0.0
4695,0.0
4696,0.0
4697,0.0
4698,0.0
4699,3.191517481806477e-19
4700,0.0
4701,0.0001818137388875111
4702,0.0
4703,0.00014394439295644033
4704,0.0
4705,1.08500686836245e-18
4706,3.2425561354131495e-19
4707,0.0
4708,0.0
4709,0.0
4710,0.0
4711,0.0
4712,0.0
4713,0.0
4714,3.118519493801256e-19
4715,0.0
4716,0.0
4717,0.0
4718,5.5194805194805146e-05
4719,3.2262078892174158e-19
4720,0.0
4721,0.0
4722,0.0
4723,0.0
4724,0.0
4725,0.0
4726,0.0
4727,0.0
4728,0.0
4729,4.719062439025845e-19
4730,0.0
4731,0.0
4732,0.0
4733,0.0
4734,0.0
4735,0.0001728761758963441
4736,0.0
4737,0.0
4738,2.867689813754352e-05
4739,0.0002922554465159171
4740,0.0
4741,0.0
4742,0.0
4743,0.0
4744,9.251496390814664e-05
4745,0.0
4746,0.0
4747,0.0
4748,0.0
4749,0.0
4750,0.0
4751,0.0
4752,7.682823394566498e-19
4753,0.0
4754,0.0
4755,0.0
4756,0.0
4757,0.0
4758,8.92229667140909e-05
4759,0.0003045989914340968
4760,0.0
4761,0.00035257065567842444
4762,0.0
4763,4.3050718291875804e-05
4764,0.0
4765,0.0003479396852006824
4766,0.0
4767,0.0
4768,0.0
4769,0.0
4770,0.0
4771,0.0
4772,0.0
4773,4.719062439025848e-19
4774,0.0001098508937681021
4775,8.811826948265055e-05
4776,0.0
4777,0.0
4778,5.7802931898311624e-05
4779,0.0
4780,0.0
4781,0.0
4782,1.9944646695880155e-18
4783,0.0
4784,0.0
4785,0.0
4786,0.0001250291558266819
4787,3.0512820512820497e-05
4788,0.0
4789,0.0
4790,0.0
4791,0.0
4792,0.0008619006774933193
4793,1.48753055143206e-18
4794,0.0
4795,0.0
4796,0.002001947422598954
4797,0.0
4798,0.0
4799,0.0
4800,0.0
4801,0.0001392783975426539
4802,0.0
4803,3.436725594341579e-19
4804,9.762321893638711e-19
4805,0.0
4806,3.0778431144129264e-05
4807,0.0
4808,0.0
4809,0.0
4810,0.0
4811,0.0
4812,0.0
4813,0.0
4814,0.0
4815,0.0
4816,0.0
4817,0.0
4818,0.0
4819,0.00034949089194932786
4820,0.00011452115365289997
4821,0.0
4822,0.0
4823,0.0
4824,0.0
4825,0.0
4826,0.0
4827,0.0
4828,0.0
4829,0.0
4830,0.0
4831,0.0
4832,0.0
4833,0.0001404081632653062
4834,5.442911043883221e-05
4835,2.301305387986173e-19
4836,0.0
4837,0.0
4838,0.0
4839,0.0
4840,0.0
4841,0.0
4842,0.0
4843,3.1110782213952667e-05
4844,0.0
4845,0.0
4846,0.0001878478664192956
4847,0.0
4848,0.00013441287072620431
4849,0.0
4850,3.320485906692674e-19
4851,0.0
4852,0.0
4853,0.0
4854,0.0
4855,0.0
4856,0.0
4857,0.0
4858,0.0
4859,0.0
4860,0.00017924331103679025
4861,0.0
4862,0.0
4863,0.0
4864,0.0
4865,0.0
4866,0.0003310083194589015
4867,0.0
4868,0.0
4869,0.0
4870,0.0002593718673461314
4871,0.0
4872,0.0
4873,0.0
4874,0.0
4875,0.0003798599884133827
4876,0.0
4877,0.0
4878,0.0
4879,0.0
4880,0.0
4881,0.0
4882,0.0
4883,3.234185664821263e-05
4884,0.0
4885,0.0003032169601674761
4886,0.0
4887,0.0
4888,0.0
4889,0.0
4890,0.0002268955632705996
4891,0.0
4892,0.0
4893,0.0
4894,8.469008969897018e-20
4895,0.0
4896,0.0
4897,0.0
4898,9.531511474108049e-05
4899,2.0698530271510827e-18
4900,0.0
4901,0.00016397347000301511
4902,0.0
4903,0.0
4904,0.0
4905,0.0
4906,2.8415717233336302e-05
4907,0.00021019247963022407
4908,0.0
4909,0.00011088400613183589
4910,0.0
4911,0.0
4912,0.0
4913,0.0
4914,0.0
4915,0.0
4916,0.0
4917,0.0
4918,0.0
4919,0.0
4920,0.0
4921,4.787276222709713e-19
4922,0.0
4923,0.0
4924,7.183314988075572e-05
4925,0.0
4926,0.0
4927,0.0
4928,0.0
4929,0.0
4930,0.0
4931,0.00011864899278681732
4932,0.0
4933,0.0
4934,0.0002151089688629667
4935,0.0
4936,0.0
4937,0.0
4938,0.0
4939,0.0
4940,0.0
4941,0.00022249916145250672
4942,9.359618846023666e-05
4943,0.0
4944,0.0
4945,0.0
4946,0.0
4947,0.0
4948,0.0
4949,0.0
4950,0.0
4951,3.0056577086279525e-05
4952,0.0
4953,1.4841109409690018e-18
4954,0.0
4955,0.0
4956,0.0
4957,9.318489459287604e-05
4958,6.359735783432834e-05
4959,0.0
4960,0.0
4961,3.1185194938012565e-19
4962,2.9444028382181125e-05
4963,0.0
4964,0.0
4965,3.5788850962671756e-19
4966,0.0
4967,0.0
4968,0.0
4969,0.0
4970,0.0
4971,1.025883138918662e-19
4972,0.0
4973,0.00014203006123585235
4974,0.0
4975,3.0070091163830647e-05
4976,0.0
4977,0.0
4978,0.0007660634100873958
4979,3.21446715413171e-05
4980,5.265912633553415e-19
4981,3.07979981301215e-05
4982,0.0
4983,0.00011156396794694653
4984,0.0
4985,0.001040094146257035
4986,5.519480519480544e-05
4987,0.0
4988,0.0
4989,3.784329759209473e-18
4990,0.0
4991,0.0
4992,0.0
4993,0.0
4994,0.0
4995,0.0
4996,0.0
4997,0.0
4998,0.0
4999,0.0
5000,3.0233153172179986e-18
5001,0.0
5002,0.0
5003,0.0
5004,6.133177570093542e-05
5005,0.0
5006,6.588694970510976e-05
5007,0.00011584767213585624
5008,0.0
5009,5.7685481008164656e-05
5010,0.0003299808661947311
5011,0.0
5012,0.0
5013,0.0002243589743589747
5014,0.0
5015,0.0
5016,0.0
5017,0.00019442339543859245
5018,9.15949775884628e-05
5019,0.00014472146009894985
5020,0.00013200554691179318
5021,0.0
5022,0.0
5023,0.0
5024,0.0
5025,0.0001958028388994343
5026,0.0
5027,0.0
5028,0.0
5029,3.24255613541315e-19
5030,0.0
5031,5.9507127776843507e-05
5032,3.05133411415407e-18
5033,0.0
5034,0.0
5035,0.0
5036,0.0
5037,0.0
5038,0.0
5039,0.0
5040,0.0
5041,0.0
5042,0.0
5043,0.00018038323366632993
5044,0.0
5045,0.0
5046,0.0
5047,0.0
5048,0.0
5049,0.00012151671904858801
5050,0.0
5051,4.284532671629446e-05
5052,0.0
5053,0.0
5054,0.0
5055,0.0
5056,0.0002380421249221869
5057,0.0
5058,0.00010718870346598191
5059,0.0
5060,0.00030616509500758807
5061,0.00035993751850773144
5062,0.0
5063,0.0
5064,0.0
5065,0.0
5066,0.0
5067,0.000168457487691892
5068,0.0
5069,0.0
5070,0.0
5071,0.0
5072,0.0
5073,0.0
5074,0.0
5075,0.0
5076,0.0
5077,0.0
5078,0.0
5079,0.0
5080,0.0
5081,0.0
5082,0.00011175639429064085
5083,0.0
5084,0.0003414115756018204
5085,0.0
5086,3.06066489795315e-05
5087,0.00043229517972179145
5088,0.00030255171641423433
5089,0.0
5090,0.0
5091,0.0
5092,0.0
5093,0.0
5094,0.0
5095,0.0
5096,2.6430830718412345e-18
5097,0.0
5098,0.0
5099,0.0
5100,0.0
5101,0.0
5102,1.2567068451753612e-18
5103,0.0
5104,0.0
5105,3.7596795335112674e-19
5106,0.0002010762191951752
5107,0.0
5108,0.0
5109,0.0
5110,0.0
5111,0.0
5112,0.0
5113,0.0003020877525957366
5114,0.0005457052614122491
5115,9.021579130861438e-05
5116,0.00021138518767504756
5117,0.0
5118,0.0
5119,0.0
5120,0.0
5121,0.0
5122,0.0
5123,0.0
5124,0.0
5125,4.639579552361132e-19
5126,0.0
5127,0.0
5128,0.00025096985594984564
5129,0.0
5130,0.00011169024571854265
5131,3.0593132548802306e-19
5132,0.0
5133,3.1757719341362843e-19
5134,0.0005946373648637082
5135,0.0
5136,0.00010646382719138562
5137,9.782694889885074e-19
5138,0.0
5139,2.9240571407587057e-05
5140,0.0
5141,0.0
5142,0.0
5143,0.0
5144,0.0002520410732436773
5145,0.0
5146,0.0
5147,0.0
5148,0.0
5149,0.0
5150,0.0
5151,0.0
5152,0.0
5153,3.341525792762691e-05
5154,0.0
5155,0.00026722558207773026
5156,0.0
5157,0.0
5158,0.0
5159,0.0
5160,0.0
5161,0.0
5162,5.472822040208509e-05
5163,0.0
5164,0.0
5165,0.0
5166,0.0
5167,0.0
5168,0.0
5169,3.2359803297185795e-05
5170,0.0
5171,7.240347274374598e-05
5172,0.0
5173,0.0
5174,0.0
5175,0.0002209181596556784
5176,0.0
5177,0.00025505253033441947
5178,0.0
5179,0.0001745052263582056
5180,0.0
5181,0.0004706909775386671
5182,1.1518888127864668e-18
5183,0.0
5184,0.0
5185,0.0
5186,0.0
5187,0.0
5188,0.0
5189,0.0001731718207110988
5190,0.0
5191,0.0
5192,0.0
5193,0.0
5194,0.0
5195,0.0
5196,0.0
5197,0.0002438465037000279
5198,7.59506629839435e-20
5199,0.0
5200,0.0
5201,0.0
5202,0.0
5203,2.5565188236421164e-05
5204,3.3642466913128555e-19
5205,0.0
5206,0.0
5207,0.0
5208,0.0003345912948392101
5209,0.0005638324087100131
5210,1.5722665741664356e-18
5211,0.0
5212,0.00014141760985219966
5213,0.0
5214,0.0
5215,0.0
5216,0.000252287125996005
5217,3.0746240371442165e-05
5218,0.0
5219,3.1915174818064776e-19
5220,0.0
5221,5.6078557707222154e-05
5222,0.0
5223,5.632122979061775e-05
5224,0.0
5225,0.0
5226,0.0
5227,0.0
5228,0.0
5229,0.0
5230,0.0
5231,1.352925889026662e-18
5232,6.361006835499836e-05
5233,0.0
5234,0.0
5235,0.0
5236,0.0
5237,0.0
5238,0.0
5239,0.0
5240,0.0
5241,0.0
5242,0.0
5243,0.0
5244,0.0
5245,0.0
5246,1.2422152879151641e-18
5247,0.0
5248,6.505568676484183e-05
5249,0.0
5250,0.0
5251,0.0
5252,0.0
5253,0.0
5254,1.748396533511375e-18
5255,0.0
5256,0.0
5257,0.0
5258,0.0
5259,0.0
5260,2.2785198895183047e-18
5261,0.0
5262,0.0
5263,0.0
5264,8.529538933218021e-05
5265,0.00030086090059315134
5266,0.0
5267,0.0
5268,0.0
5269,0.0
5270,0.0
5271,0.0
5272,0.0
5273,0.0
5274,0.0
5275,0.0
5276,0.0
5277,0.0
5278,0.0
5279,0.0
5280,0.0
5281,0.00011532180866039654
5282,0.0
5283,0.00016371340523882905
5284,0.0
5285,0.0
5286,0.0
5287,0.0001660276041325047
5288,2.826588569400069e-05
5289,0.0
5290,0.00014307138495655466
5291,0.0
5292,0.00012561596926417975
5293,0.0
5294,6.148065511106979e-05
5295,0.0
5296,0.0
5297,0.0
5298,2.5757627502622923e-18
5299,0.0
5300,5.4160581076876025e-05
5301,0.0
5302,0.0
5303,0.0
5304,0.0
5305,0.0
5306,0.00013513023031387094
5307,0.0
5308,0.0
5309,1.3447235949419051e-18
5310,0.0004558466212836181
5311,0.0
5312,0.0
5313,0.0
5314,0.0
5315,9.136400881432868e-05
5316,0.0
5317,0.0
5318,0.0
5319,0.0
5320,0.0
5321,0.0
5322,0.0
5323,0.0
5324,0.0
5325,0.0
5326,8.915430688796881e-05
5327,0.00012380762928153045
5328,0.0
5329,0.0
5330,0.0
5331,0.0
5332,0.0
5333,9.249907902237641e-05
5334,0.0
5335,0.00038565693844700317
5336,0.0
5337,3.161828111526321e-05
5338,0.0
5339,0.0
5340,0.0
5341,0.0
5342,1.882886226534142e-19
5343,0.0
5344,0.00010478555503533957
5345,5.798988678827679e-05
5346,0.00017663364446004616
5347,0.0
5348,0.0
5349,0.0
5350,0.0
5351,0.0
5352,0.0
5353,0.0
5354,0.0
5355,0.0
5356,0.00012378026212981935
5357,0.0
5358,0.00026796968148526986
5359,0.0
5360,0.0
5361,0.0
5362,0.0
5363,0.0
5364,3.235946745562234e-05
5365,0.0
5366,7.300823522498086e-19
5367,0.0
5368,0.0
5369,0.0
5370,0.0
5371,0.0
5372,3.402494507753118e-05
5373,0.0
5374,0.0
5375,0.0
5376,0.0
5377,9.848652499582758e-05
5378,0.0
5379,0.0
5380,4.787276222709714e-19
5381,3.118519493801255e-19
5382,6.125520349716687e-05
5383,0.0
5384,0.0
5385,0.0
5386,0.0
5387,0.0
5388,0.0
5389,0.0002979359051607062
5390,3.0634408602150214e-05
5391,3.0460349462367254e-05
5392,7.179487179487174e-05
5393,0.0
5394,9.072367798694461e-05
5395,3.0422595735953313e-05
5396,0.0
5397,0.0
5398,0.00040558438043232064
5399,1.7384195483822784e-18
5400,0.00019322286694101746
5401,0.0
5402,0.0
5403,3.132014448978611e-19
5404,0.0
5405,0.0
5406,0.00014753826160960188
5407,0.0
5408,0.0
5409,3.1129094119019754e-05
5410,0.0
5411,0.0
5412,0.0
5413,0.0
5414,0.0
5415,0.0
5416,2.3149672014189735e-19
5417,0.0
5418,3.060637003563056e-05
5419,0.0
5420,0.0
5421,0.0
5422,0.00018773091801867192
5423,0.0
5424,0.0
5425,0.0
5426,0.0002307764444604413
5427,0.0
5428,5.472822040208505e-05
5429,3.0284877529286493e-05
5430,0.0
5431,0.0
5432,0.0
5433,0.0
5434,0.0
5435,3.847797862778379e-05
5436,0.0
5437,0.0005353883971247303
5438,0.000795961003404736
5439,0.0
5440,0.0
5441,0.00041092791009904995
5442,0.0
5443,0.0
5444,0.0
5445,0.0
5446,0.0
5447,0.0
5448,0.0
5449,8.289160510061243e-19
5450,0.0
5451,0.0
5452,0.0
5453,1.4488259789700315e-18
5454,0.0
5455,0.0
5456,0.0
5457,0.0
5458,0.0
5459,0.0
5460,0.0
5461,0.0
5462,0.00020724744670785083
5463,0.0
5464,0.0
5465,3.366931918656057e-05
5466,0.0
5467,0.0
5468,0.0
5469,0.00024197237990341606
5470,0.0
5471,1.0162358902653537e-18
5472,2.5316887661314507e-20
5473,4.891383438309841e-19
5474,0.0
5475,0.0
5476,0.0
5477,0.0
5478,0.0
5479,7.980629031756865e-19
5480,0.0
5481,0.0
5482,0.0
5483,0.0
5484,0.0
5485,6.09171003234342e-05
5486,3.179254232718214e-05
5487,0.0
5488,0.0
5489,0.0
5490,0.0
5491,0.0
5492,0.00025090934723134427
5493,0.00019698134616490733
5494,0.0
5495,0.0
5496,0.0
5497,0.0
5498,0.0
5499,0.0
5500,0.0
5501,0.0
5502,0.0
5503,0.0
5504,6.800624547152307e-05
5505,0.0
5506,5.887922896247711e-05
5507,0.0
5508,0.0
5509,0.0
5510,0.00012118179123586906
5511,0.0
5512,0.0
5513,0.00014863182342274596
5514,0.00015938069216757725
5515,0.0
5516,9.641728134878884e-05
5517,0.0
5518,2.2596837258457635e-19
5519,0.0
5520,0.0
5521,0.00015371191627063847
5522,0.000217948717948718
5523,0.0
5524,0.0
5525,0.0
5526,0.0
5527,0.0007826499745541333
5528,0.0
5529,0.0
5530,0.0
5531,0.0
5532,0.0
5533,0.0
5534,0.0
5535,0.0
5536,0.0
5537,0.00014119677419354836
5538,0.0
5539,3.1802377306478503e-19
5540,0.0
5541,0.0
5542,0.0
5543,0.0
5544,0.0
5545,0.0
5546,0.0
5547,8.857588453748843e-05
5548,9.494309267545629e-05
5549,5.789579356493641e-05
5550,0.0
5551,0.0
5552,0.0
5553,0.0
5554,0.0
5555,0.0
5556,0.00024336475630452152
5557,0.0
5558,0.0
5559,0.0
5560,0.00012177985948478097
5561,0.0
5562,0.0
5563,2.6594879407583253e-19
5564,0.0
5565,0.0
5566,0.0
5567,0.00012931473369780298
5568,0.0
5569,0.00034215867588676535
5570,1.2384475445705591e-18
5571,9.848478133619157e-19
5572,0.0
5573,0.0
5574,0.0
5575,0.0
5576,0.0
5577,0.0
5578,0.0
5579,0.0
5580,2.3021489846688645e-18
5581,0.0
5582,0.0
5583,0.00042416528655010526
5584,3.08851118000689e-05
5585,0.0
5586,3.0549675158770744e-05
5587,0.0
5588,0.0
5589,0.0
5590,0.0
5591,0.0
5592,6.02010424422931e-05
5593,0.0
5594,0.0
5595,5.9565788417927464e-05
5596,0.0
5597,2.0112344350239913e-19
5598,0.0
5599,0.0
5600,0.0
5601,0.0
5602,0.000257598473490527
5603,0.0
5604,0.0005249197689707563
5605,0.0
5606,0.0
5607,0.0
5608,0.00020705128205128378
5609,0.0
5610,0.0
5611,0.00047365998363338717
5612,3.1915174818064766e-19
5613,0.000359336609336608
5614,0.0
5615,0.0
5616,0.0
5617,0.0
5618,0.0
5619,0.0
5620,0.00022813726340918986
5621,0.0
5622,0.0
5623,0.0
5624,0.0
5625,0.0
5626,0.0
5627,0.0
5628,5.780293189831158e-05
5629,0.0
5630,8.684824053917597e-05
5631,0.0
5632,0.0
5633,2.8126231658385472e-05
5634,0.0
5635,0.0
5636,0.0
5637,0.0
5638,6.378555266236653e-05
5639,0.0
5640,0.0
5641,0.0
5642,0.0
5643,0.0
5644,0.0
5645,0.0
5646,0.0
5647,0.0005861771969064212
5648,0.0
5649,0.0
5650,3.4672216888642614e-18
5651,0.0
5652,0.0
5653,4.577001171231107e-19
5654,0.0
5655,0.0
5656,0.0007534408731591828
5657,0.0
5658,0.0
5659,0.0
5660,0.0
5661,0.0
5662,0.0
5663,1.0840331481468175e-18
5664,0.0
5665,0.0007685666298091323
5666,5.796378624347986e-19
5667,0.0
5668,0.0
5669,0.0
5670,0.0
5671,0.0
5672,0.0
5673,0.0
5674,0.0003389355742296899
5675,0.0
5676,0.0
5677,0.0
5678,0.0
5679,0.0
5680,0.0
5681,0.0
5682,0.0
5683,0.00011288079470303139
5684,0.0004998253522971609
5685,0.0
5686,0.0
5687,0.0
5688,0.0
5689,0.0
5690,0.0
5691,0.0
5692,0.0
5693,9.773059508101551e-05
5694,0.0
5695,0.0
5696,0.00014717035585325584
5697,6.353673479438964e-05
5698,0.0
5699,0.0
5700,8.662812979049547e-05
5701,3.024553679189714e-05
5702,0.0006539536441206151
5703,0.0
5704,0.0
5705,0.0002236016971388482
5706,4.698021673467917e-19
5707,0.0
5708,6.0108645573283105e-05
5709,0.0
5710,3.0312292028468363e-05
5711,0.0
5712,0.0
5713,0.0
5714,0.0
5715,0.0
5716,0.0
5717,0.0
5718,0.0
5719,0.0004819108714139586
5720,0.0
5721,0.0
5722,0.0
5723,0.0
5724,2.0155528368745027e-18
5725,0.0
5726,0.0
5727,0.0
5728,1.1409184431408812e-18
5729,0.0003313082145567528
5730,0.0
5731,0.0002597073996027214
5732,0.0
5733,0.0
5734,0.0
5735,0.0
5736,3.2568238213400046e-05
5737,0.0
5738,0.00011650066520441535
5739,0.0
5740,0.0
5741,0.00020058153341178547
5742,0.0
5743,0.0
5744,0.0
5745,0.0
5746,3.1309830827861825e-05
5747,0.0
5748,0.0
5749,0.0
5750,5.27498677948175e-05
5751,0.0
5752,0.0
5753,0.0
5754,3.1379025598679e-05
5755,0.0003236048214429733
5756,0.0
5757,0.0
5758,0.0
5759,0.0
5760,0.0
5761,2.975356388842197e-05
5762,0.0
5763,0.00029205128205128737
5764,5.900826717692041e-05
5765,0.000649678916988123
5766,0.0
5767,0.0
5768,3.0648974947565458e-18
5769,0.0
5770,0.0
5771,0.0
5772,0.0
5773,0.0
5774,0.0
5775,0.00041192812916370587
5776,0.0
5777,0.0
5778,0.0
5779,0.0
5780,0.0
5781,0.0
5782,5.945357986490004e-05
5783,0.0
5784,0.0
5785,0.0
5786,0.0
5787,2.5628173638936937e-18
5788,0.0
5789,0.0
5790,0.0
5791,0.0
5792,0.0
5793,0.0
5794,0.0
5795,0.0
5796,0.0
5797,0.00044906209282215753
5798,0.0
5799,0.0
5800,0.00011102459865152195
5801,0.0
5802,0.0001240113888010123
5803,0.0
5804,0.0
5805,0.0
5806,0.00037333629103815353
5807,1.234474821982519e-18
5808,0.0
5809,0.0
5810,0.0
5811,0.00048619861816868456
5812,0.0
5813,0.0
5814,0.0011492854097065878
5815,0.0
5816,0.0
5817,0.0
5818,3.132014448978612e-19
5819,0.0
5820,0.0
5821,0.0001627060100062002
5822,1.4309793057012735e-18
5823,0.0
5824,0.0
5825,5.739123889808817e-05
5826,0.0
5827,0.0
5828,0.0
5829,0.0
5830,0.0
5831,0.0
5832,2.951114402745915e-05
5833,0.0002508993040252849
5834,0.0
5835,0.0
5836,0.0
5837,0.0
5838,0.0
5839,0.00012967617473551738
5840,0.0
5841,0.0
5842,0.0004789377617094651
5843,0.0
5844,0.0
5845,0.0
5846,0.0
5847,0.0
5848,0.0
5849,0.0
5850,6.92458939507367e-05
5851,0.0
5852,0.0
5853,2.949042716272203e-05
5854,0.0
5855,0.0
5856,0.0002154561432524853
5857,0.0
5858,0.0
5859,0.0
5860,0.0
5861,0.0
5862,0.0
5863,0.0
5864,0.0
5865,0.0
5866,0.0
5867,0.00013839228868437397
5868,0.0002493349258482274
5869,0.0
5870,0.0
5871,7.805341667461495e-20
5872,0.0
5873,0.0
5874,0.0
5875,0.0
5876,0.0
5877,0.0
5878,0.0
5879,0.0
5880,0.0
5881,0.00021572978303747764
5882,0.0
5883,0.0
5884,0.0005418019831313497
5885,0.0
5886,0.0
5887,0.0
5888,0.0
5889,0.0
5890,0.0
5891,0.0
5892,0.0
5893,3.152815528080182e-05
5894,0.00024959310386400593
5895,0.0
5896,0.0
5897,0.00011998378584178697
5898,0.0
5899,0.0006931233933731652
5900,0.0
5901,0.0
5902,0.0
5903,0.0
5904,0.0
5905,0.0
5906,0.0
5907,0.0
5908,0.0
5909,0.0
5910,0.0002462056362241448
5911,0.0
5912,0.0
5913,0.0
5914,0.0
5915,3.4944823962164756e-05
5916,0.0
5917,0.0
5918,0.0
5919,0.0
5920,0.0
5921,0.0
5922,0.0
5923,0.0
5924,0.0
5925,0.0
5926,0.00015019263982994372
5927,0.0
5928,0.0
5929,0.00016793282686925284
5930,0.0
5931,0.0
5932,0.0
5933,0.0
5934,0.000641351921721292
5935,0.0
5936,0.0
5937,0.0
5938,0.0002680811631089703
5939,0.0
5940,0.0001995238990164754
5941,0.0
5942,0.0
5943,0.0
5944,4.707215566335356e-19
5945,0.0
5946,0.0
5947,0.00012034892004707124
5948,0.0
5949,0.0
5950,0.0
5951,0.0
5952,0.00014544513960402275
5953,2.515162957726327e-18
5954,0.0
5955,0.0
5956,0.0
5957,0.0
5958,6.51706793723122e-05
5959,0.0
5960,0.0
5961,0.0001907147615907025
5962,0.00022125464065185954
5963,0.00014056485815585996
5964,0.0
5965,3.1757719341362843e-19
5966,6.119124407227823e-19
5967,0.0
5968,0.0
5969,0.0
5970,0.0
5971,0.0
5972,0.0
5973,0.0
5974,0.0
5975,0.0002025304208958736
5976,0.0
5977,0.0
5978,0.0
5979,6.35154386827257e-19
5980,0.0
5981,3.2376409585179436e-05
5982,0.0
5983,0.0
5984,0.0
5985,0.0
5986,0.0
5987,0.0
5988,0.0
5989,0.00014823216471464152
5990,0.0
5991,0.00019426553442836828
5992,0.0
5993,6.005297341547266e-05
5994,0.0
5995,0.0
5996,6.410622133469966e-05
5997,1.324929403290556e-18
5998,0.0
5999,0.0
6000,0.0
6001,7.965783489601035e-19
6002,5.5299539170506826e-05
6003,0.0
6004,0.0
6005,2.9616682738669347e-05
6006,0.0
6007,0.00012992961084822127
6008,0.0
6009,0.0
6010,0.0
6011,0.0
6012,0.0
6013,0.0
6014,0.0
6015,0.0
6016,0.00022851674557197252
6017,0.0
6018,0.0
6019,0.0
6020,0.0
6021,0.0
6022,2.3904666761809654e-05
6023,0.0
6024,0.0
6025,0.0
6026,0.0
6027,0.0
6028,0.0
6029,3.476099568735359e-19
6030,0.0
6031,0.0005690814858009008
6032,0.00016609623051778855
6033,0.0
6034,0.00013409735558727437
6035,3.0902974791278055e-05
6036,3.019614645773455e-05
6037,0.0
6038,5.254811990755589e-05
6039,0.0
6040,3.094351071786399e-05
6041,6.23703898760251e-19
6042,0.0005760974140211711
6043,0.0
6044,0.0
6045,0.0
6046,0.0
6047,0.0
6048,0.0
6049,0.0018407477574125253
6050,0.0007791345299917304
6051,0.0
6052,0.00019485063245716356
6053,0.0008606368865308582
6054,0.0005393282201640036
6055,0.0
6056,0.0
6057,0.0
6058,3.7661395430762743e-19
6059,0.0
6060,0.0
6061,0.00019429699015231647
6062,0.0
6063,0.0003175031442265197
6064,3.0512820512820643e-05
6065,0.0
6066,0.0
6067,0.00011696207016330348
6068,0.0
6069,1.2304593220107157e-18
6070,0.0
6071,0.0
6072,8.169194241479422e-19
6073,0.0
6074,0.0
6075,0.0
6076,0.0001499684940138625
6077,4.863834203119725e-19
6078,3.16062057715271e-19
6079,0.0
6080,0.0
6081,0.0
6082,0.0
6083,0.00035793983290597785
6084,0.0
6085,7.065822666488785e-05
6086,0.0
6087,0.0
6088,0.0
6089,0.00024421836228287805
6090,0.0
6091,0.00011121969274657108
6092,0.00032049667697084573
6093,0.0
6094,0.0
6095,0.0
6096,0.0
6097,0.0
6098,0.0
6099,0.0
6100,0.0
6101,0.0
6102,0.0
6103,0.0
6104,0.0001316845500692671
6105,0.0
6106,0.0
6107,0.0002668457740342717
6108,0.0
6109,0.0003628745355364029
6110,0.00036854757930080003
6111,0.0002442241420439747
6112,0.0
6113,0.0
6114,0.0
6115,0.00010910601026880086
6116,0.0
6117,0.00021087657273578074
6118,0.0
6119,0.0
6120,0.0
6121,0.0
6122,0.0001449193072939254
6123,0.0
6124,0.0
6125,0.0
6126,0.0
6127,0.0
6128,0.0
6129,0.0
6130,0.0
6131,0.00011872243812248867
6132,3.123180429598074e-05
6133,0.00014458002543549074
6134,0.0
6135,0.0
6136,0.0
6137,0.0
6138,0.0
6139,0.0
6140,0.0
6141,0.0
6142,0.0001858541725706202
6143,0.0
6144,0.0005290060364392874
6145,0.00013248520036429856
6146,9.263225530092102e-05
6147,0.0
6148,0.0
6149,2.614579156869655e-19
6150,0.00014692621737677744
6151,0.0
6152,0.0
6153,0.0
6154,0.0
6155,0.0
6156,0.0
6157,0.0
6158,0.0
6159,0.000127041049977685
6160,0.0
6161,0.0
6162,0.0
6163,0.0
6164,0.0
6165,0.0
6166,0.0
6167,0.0
6168,0.0
6169,0.0
6170,0.0
6171,0.0
6172,0.0
6173,0.0
6174,0.0
6175,0.0
6176,0.0
6177,0.00016192378585309214
6178,3.008110648630605e-05
6179,0.0
6180,8.601517799515641e-05
6181,0.0
6182,0.0003777908782853307
6183,3.3258051949419104e-05
6184,0.0
6185,3.343475088058081e-05
6186,0.0
6187,0.0
6188,0.0
6189,0.00036238507894965634
6190,0.0
6191,0.0
6192,0.0004553451619461926
6193,0.00018112354713732212
6194,0.0
6195,0.0
6196,3.211254683079762e-05
6197,0.0
6198,0.0
6199,0.00012200340231900411
6200,0.0
6201,0.0
6202,0.0
6203,0.0
6204,0.00019986260943314672
6205,6.097202383208372e-05
6206,0.0
6207,2.0487529052177337e-18
6208,0.0
6209,0.0
6210,0.0
6211,0.0
6212,0.0
6213,0.0
6214,0.0
6215,0.0
6216,0.0
6217,0.0004839285886703565
6218,0.0
6219,0.0
6220,0.0
6221,0.0008345443838605167
6222,3.544319714029458e-05
6223,0.0
6224,0.0
6225,0.0
6226,0.0
6227,0.0
6228,0.0
6229,0.00042140299006538116
6230,0.0
6231,0.0
6232,0.0
6233,0.0
6234,0.0
6235,0.0
6236,0.0
6237,0.0
6238,0.0
6239,0.00046731332322537915
6240,0.0
6241,0.0
6242,3.5184965341559976e-19
6243,0.0
6244,0.0
6245,2.980249625856072e-05
6246,0.0
6247,3.1059795857384025e-05
6248,0.0
6249,0.0002743224256507745
6250,3.0991942975889324e-05
6251,0.0
6252,0.0
6253,4.570987352327249e-19
6254,0.0
6255,0.0
6256,0.0
6257,0.0
6258,0.0
6259,0.0
6260,0.0
6261,8.120753576150556e-20
6262,0.0
6263,0.0
6264,0.0
6265,0.0
6266,0.0
6267,0.0
6268,0.0
6269,0.0
6270,0.0
6271,0.0
6272,6.152296610053565e-19
6273,0.00026258667007092185
6274,0.0
6275,0.0
6276,0.00041002654492465463
6277,0.0
6278,0.0
6279,0.0
6280,0.0
6281,0.0
6282,0.0
6283,0.0
6284,4.621570856379702e-19
6285,0.0
6286,0.0
6287,0.0
6288,0.0
6289,0.0
6290,0.0
6291,0.0009326599941901221
6292,0.0
6293,0.0
6294,0.0
6295,3.1102348822190535e-05
6296,0.0
6297,0.0
6298,0.0
6299,0.0
6300,0.0
6301,0.0
6302,0.0
6303,0.0
6304,0.00047567689101914493
6305,6.230994766478496e-05
6306,0.0002528878270551121
6307,0.0
6308,0.0
6309,0.0008287951008104338
6310,0.0
6311,0.0
6312,0.0
6313,0.0002674688149429169
6314,0.0
6315,0.0
6316,0.0
6317,0.0
6318,0.0
6319,0.0002494825697371077
6320,0.0
6321,0.0
6322,0.00018799556892108021
6323,0.0011255677749041732
6324,0.0
6325,0.0
6326,0.0
6327,0.0006556580164405983
6328,0.00046270857431357786
6329,0.0
6330,0.0
6331,0.0
6332,0.0
6333,0.0
6334,0.0
6335,5.771456123432967e-05
6336,0.0
6337,0.0
6338,0.0
6339,0.00018471381397908607
6340,0.0
6341,0.00011900603626123173
6342,0.0
6343,0.0
6344,0.0
6345,0.0
6346,0.0
6347,0.0
6348,2.893481717011128e-05
6349,0.0
6350,0.0
6351,0.0003395147408422831
6352,0.0
6353,0.0001980071538068469
6354,0.0010164241220777857
6355,0.0010957606197283085
6356,0.0
6357,0.0
6358,0.0002804198115990274
6359,9.171704287061197e-05
6360,0.0
6361,3.244535519125977e-05
6362,6.640971813385348e-19
6363,0.0
6364,4.3175339846533797e-19
6365,0.0
6366,0.0
6367,0.0
6368,0.0
6369,6.620428751576195e-05
6370,0.0
6371,8.884963889042138e-19
6372,0.0
6373,0.0
6374,0.0002225013093153714
6375,0.0
6376,0.0
6377,0.0003470490507257183
6378,0.0
6379,0.0
6380,0.0
6381,0.0
6382,0.0
6383,0.0
6384,3.509319477784239e-18
6385,0.0
6386,0.0
6387,0.0
6388,0.0
6389,3.0425489487393324e-05
6390,0.0
6391,0.0
6392,0.0
6393,0.0
6394,6.800544991410452e-05
6395,0.0
6396,0.0
6397,0.0
6398,0.0
6399,0.0
6400,0.0
6401,0.0
6402,4.763657901204424e-19
6403,0.0
6404,0.0
6405,0.0003388250326141071
6406,0.0
6407,4.7696688000389365e-05
6408,0.0
6409,0.0
6410,0.0
6411,0.0
6412,0.000810328648876071
6413,0.0
6414,0.00023879208764192073
6415,0.0
6416,3.291341693754292e-05
6417,0.0
6418,4.920017851133124e-19
6419,0.0
6420,3.4901226158568563e-19
6421,0.001178389519710626
6422,0.0005303036662860937
6423,0.0003097056631892692
6424,5.6675201411185244e-05
6425,0.00021091062980297716
6426,0.00016482321066421223
6427,8.971242471768599e-05
6428,0.0
6429,0.0001991991101223532
6430,0.00026167820738204475
6431,0.0
6432,8.06551972304354e-19
6433,0.0
6434,0.0
6435,7.0998045040036015e-19
6436,0.00014208754921468157
6437,0.0
6438,7.51523020073903e-05
6439,0.0
6440,0.0007929436534476114
6441,0.0007117913575444922
6442,1.801740143595742e-18
6443,0.0
6444,5.9833419276730144e-05
6445,0.0
6446,5.529953917050707e-05
6447,0.0
6448,0.0
6449,0.0
6450,0.0
6451,0.0
6452,0.0
6453,0.0
6454,0.0
6455,0.0
6456,6.443049257838226e-05
6457,0.0
6458,0.0
6459,0.00024230263775462275
6460,0.00012023009834848676
6461,0.0
6462,0.0
6463,0.0
6464,0.0
6465,0.0
6466,0.0
6467,0.00029084212184809615
6468,0.0
6469,2.9948225486789537e-05
6470,0.0
6471,0.0
6472,0.0
6473,0.0
6474,0.0008004325934336664
6475,0.0
6476,0.0
6477,0.0
6478,0.0
6479,0.0
6480,0.0
6481,3.0865288236654925e-05
6482,6.2640288979572235e-19
6483,0.0
6484,0.0003723832434021205
6485,0.0
6486,0.0
6487,0.0
6488,0.0001585081585081583
6489,0.0
6490,0.0
6491,0.00020050040124431357
6492,0.0
6493,2.2083448473581446e-19
6494,0.0
6495,0.0
6496,0.00019025115370961993
6497,0.0
6498,6.456842576028721e-05
6499,1.5674099421931674e-18
6500,0.0
6501,0.0
6502,0.0
6503,0.0
6504,0.0
6505,0.0
6506,0.00010950570112856394
6507,0.0
6508,0.0
6509,0.0
6510,8.82225529238571e-05
6511,0.0
6512,0.0
6513,0.0005057086610072374
6514,0.00014391805838785102
6515,0.0
6516,0.0
6517,0.0
6518,0.0
6519,0.0
6520,0.0
6521,0.0
6522,0.0
6523,0.0
6524,5.848114281517382e-05
6525,0.0
6526,0.0
6527,0.00032397237493483286
6528,0.0
6529,0.0
6530,0.0
6531,0.0
6532,0.0
6533,0.0
6534,0.00014692577597813213
6535,0.0013379586009394063
6536,0.00010144179046997187
6537,0.0004622719255877597
6538,0.0
6539,0.0002824712245909936
6540,0.0
6541,0.0
6542,0.00031460680719835437
6543,0.00022096703155310933
6544,0.0
6545,6.023949318262267e-05
6546,0.0
6547,0.0
6548,6.195278877162888e-05
6549,0.00012012006640544194
6550,0.0
6551,0.0
6552,0.0009176864912572889
6553,5.894361386561178e-05
6554,0.0
6555,0.0
6556,0.0
6557,5.992730273013227e-05
6558,0.0
6559,0.0
6560,0.0
6561,0.0
6562,0.0002856248616758767
6563,0.0
6564,0.00028479874368332435
6565,0.0
6566,0.0
6567,0.0
6568,0.0
6569,0.0
6570,0.0
6571,0.0
6572,0.0010810013611632033
6573,0.0008007764053947701
6574,0.0
6575,0.0
6576,0.0
6577,0.00010780437044745047
6578,0.0
6579,0.0
6580,0.00010043466807165429
6581,0.0
6582,0.0
6583,0.0
6584,0.0
6585,0.0
6586,0.0
6587,0.0
6588,0.0
6589,0.0
6590,0.0
6591,0.0
6592,0.00015388194712850374
6593,0.0
6594,0.0
6595,2.7004680172068785e-19
6596,0.0
6597,8.075967341143096e-05
6598,4.811820356698362e-19
6599,3.3926613496190956e-05
6600,0.0006186350907941688
6601,0.0
6602,0.0
6603,0.0
6604,0.0
6605,0.0
6606,0.00028848255263349794
6607,0.0
6608,0.0
6609,0.00012108461898083238
6610,0.0
6611,0.0
6612,0.0
6613,0.0
6614,0.00021754509930159275
6615,0.0005603954107337739
6616,0.0
6617,0.0
6618,0.0
6619,0.0
6620,0.0
6621,2.3713225115711636e-18
6622,0.0
6623,0.0
6624,0.0
6625,0.0
6626,3.351404277990168e-05
6627,0.0
6628,0.0
6629,0.0
6630,0.0
6631,4.811820356698362e-19
6632,0.0
6633,6.367061612988748e-05
6634,5.631499945463708e-19
6635,0.0
6636,0.0
6637,0.00026334522491618583
6638,0.0
6639,0.0
6640,0.0
6641,0.0
6642,0.0
6643,0.0
6644,0.0001468481866191328
6645,0.0
6646,0.0
6647,0.0
6648,9.314967046225952e-05
6649,0.000945372626665036
6650,0.0
6651,0.0
6652,0.0
6653,0.0
6654,0.0
6655,0.0
6656,0.001481249379118552
6657,0.0006811318000834961
6658,8.940176649039841e-05
6659,6.464000938086302e-05
6660,0.0
6661,0.0
6662,0.0
6663,0.0
6664,9.290186207119058e-05
6665,0.0
6666,0.0
6667,0.0
6668,7.965783489601033e-19
6669,0.0
6670,0.0
6671,0.0
6672,0.0
6673,0.00078466699757963
6674,0.0
6675,0.0
6676,8.828268216666904e-05
6677,0.0
6678,0.0
6679,0.0
6680,0.0
6681,0.0
6682,0.0
6683,0.00559882848477857
6684,0.0
6685,0.0
6686,0.0
6687,0.0
6688,0.0
6689,0.0
6690,0.0
6691,0.0
6692,0.0
6693,0.0
6694,0.0
6695,0.0
6696,3.175781363149241e-05
6697,0.0
6698,0.0
6699,0.0
6700,2.9478623037425648e-05
6701,9.75235452401934e-19
6702,0.0
6703,0.0
6704,0.00014247086991042991
6705,0.0
6706,0.0
6707,0.0
6708,0.0
6709,0.0
6710,8.455321963705411e-05
6711,0.0
6712,0.0
6713,0.0
6714,0.0
6715,4.101657285420708e-18
6716,0.0
6717,0.0001694199204774722
6718,3.423027293403393e-05
6719,0.0
6720,0.0
6721,0.0002040380528465651
6722,0.0
6723,8.230284379329198e-05
6724,0.0
6725,0.0
6726,0.0
6727,0.0
6728,0.0
6729,2.9539708491261728e-05
6730,0.0
6731,0.0
6732,0.0
6733,0.0
6734,0.0
6735,0.0
6736,0.00035983890337020624
6737,0.0
6738,0.0
6739,0.0
6740,3.489352465778967e-18
6741,0.0
6742,0.0
6743,0.0
6744,0.0
6745,0.0
6746,0.0
6747,0.0
6748,0.0
6749,0.0
6750,0.0
6751,9.99217937328665e-05
6752,2.8679528272963806e-05
6753,0.0
6754,5.913729128014876e-05
6755,0.0
6756,0.0
6757,0.0003043878737568758
6758,0.0
6759,0.0
6760,0.0
6761,0.0
6762,0.0
6763,0.0
6764,0.0
6765,0.0
6766,0.0
6767,0.0
6768,0.0005906734546104665
6769,0.0
6770,0.0
6771,0.0
6772,0.0
6773,0.0
6774,0.0
6775,0.0
6776,2.512974619949651e-18
6777,0.0
6778,0.0
6779,0.0
6780,0.0
6781,0.0002572760274385729
6782,0.0
6783,0.0
6784,0.0
6785,0.0
6786,0.0
6787,0.0
6788,3.323689032267911e-05
6789,0.0
6790,0.0
6791,0.0
6792,3.0128752228086885e-05
6793,0.0
6794,0.0
6795,0.0001697874451726953
6796,0.0
6797,8.838250790305568e-05
6798,0.0002665897447771685
6799,0.0002443269230769226
6800,0.0
6801,0.0
6802,0.00013832241935361983
6803,0.0
6804,0.0
6805,0.0
6806,0.0
6807,0.0
6808,0.00020659180277636435
6809,0.0
6810,0.0
6811,0.0
6812,0.0
6813,0.0
6814,3.496793067022749e-18
6815,0.0
6816,0.0
6817,2.773892773892771e-05
6818,0.000433154928848805
6819,0.0
6820,0.0
6821,0.0
6822,0.0
6823,0.00038178345626975853
6824,0.0002933914599636097
6825,0.0
6826,0.0001470142041597963
6827,3.2248845389991967e-19
6828,0.0
6829,6.394671565926323e-19
6830,0.0
6831,0.0
6832,0.0002599886293490703
6833,0.0007781162213600364
6834,0.0
6835,0.0
6836,0.0
6837,6.261618537674662e-19
6838,0.0
6839,0.0
6840,0.0
6841,6.346315965096476e-05
6842,0.0
6843,0.0
6844,0.00026277147509098204
6845,0.00033623223747731435
6846,0.0
6847,0.0
6848,0.0
6849,0.0
6850,0.0004929928998220649
6851,0.0
6852,0.0
6853,0.0
6854,0.00013814171889154142
6855,0.0
6856,0.0
6857,0.0
6858,0.0
6859,0.0
6860,0.0
6861,0.0
6862,0.0
6863,0.0
6864,0.0
6865,0.0
6866,0.0
6867,0.0
6868,9.078751039139042e-19
6869,0.0
6870,0.0
6871,0.0
6872,0.0
6873,3.0396563359003373e-05
6874,0.0
6875,0.0009573190747391258
6876,0.0
6877,0.0
6878,0.0
6879,0.0
6880,3.107969072396167e-05
6881,0.0
6882,0.0
6883,0.0
6884,0.0003620850194520308
6885,4.740930865729067e-19
6886,0.0
6887,0.0
6888,0.0
6889,0.00012378026212981933
6890,0.0
6891,0.0004208681588848877
6892,0.0
6893,0.00012185013262599457
6894,0.0
6895,1.8090052248199184e-18
6896,0.0
6897,3.133446462640287e-05
6898,3.590457167032287e-19
6899,8.399209486166024e-05
6900,0.0
6901,6.474659865252097e-05
6902,0.00014299322704293394
6903,0.0
6904,6.995752235876165e-19
6905,0.00022240639554072536
6906,0.0
6907,0.0
6908,0.0
6909,0.0
6910,0.0
6911,0.0
6912,0.0
6913,0.00011288247153700171
6914,0.0
6915,0.0
6916,0.0
6917,0.0
6918,0.0
6919,0.0
6920,0.0
6921,0.0002127570753269081
6922,0.0
6923,0.0
6924,0.0
6925,4.210342812111067e-18
6926,0.0
6927,0.0
6928,0.0
6929,0.0
6930,0.0
6931,0.0
6932,0.0
6933,0.0
6934,1.0461716962813961e-18
6935,0.0
6936,0.0
6937,6.485112270826304e-19
6938,0.0004642137698329371
6939,0.0
6940,0.0
6941,0.0
6942,0.0
6943,0.0
6944,0.0
6945,0.00014329387771030237
6946,2.835584601918748e-19
6947,0.0
6948,0.0001419856176078365
6949,0.0
6950,0.0
6951,0.0
6952,0.0
6953,0.0
6954,3.097631308931599e-05
6955,0.0
6956,0.000527822921111646
6957,0.0
6958,0.0
6959,0.0
6960,0.00044704055582068234
6961,0.00042135251119406386
6962,0.00011560586379662348
6963,0.0
6964,3.303397890434755e-05
6965,0.0
6966,0.0003967869804622891
6967,0.0
6968,0.0
6969,2.1031855689125196e-18
6970,0.0
6971,0.0
6972,0.0008342713409995861
6973,0.0001606767334540566
6974,0.0
6975,0.0
6976,0.0
6977,0.0
6978,0.0
6979,0.0
6980,0.0
6981,0.0
6982,0.003759883146113183
6983,0.0016505247466377876
6984,6.047836708408985e-05
6985,0.0
6986,0.0
6987,0.0
6988,0.0
6989,0.0
6990,0.0
6991,0.0
6992,0.0
6993,0.0
6994,0.0
6995,0.0
6996,0.00036824169110510896
6997,0.0
6998,0.0
6999,0.0
7000,0.0
7001,0.0
7002,0.0
7003,0.0002031588567542181
7004,0.00019210852895247993
7005,0.0
7006,0.0
7007,0.0
7008,0.0
7009,0.0
7010,0.0
7011,0.0
7012,0.0
7013,0.0
7014,0.0
7015,3.132654983983431e-05
7016,0.0
7017,3.118519493801256e-19
7018,0.0
7019,0.000257544566598051
7020,3.0125625909404513e-05
7021,0.0
7022,0.0
7023,0.0
7024,4.0486322201566017e-19
7025,0.0003792329647829481
7026,0.0
7027,0.0
7028,0.0
7029,0.0
7030,0.0003384374297328613
7031,0.0005209853550137612
7032,0.0
7033,0.0
7034,0.0
7035,0.0008303605064617122
7036,0.0
7037,0.0
7038,0.0
7039,0.0
7040,0.0
7041,0.0
7042,0.00041851650022517174
7043,0.0
7044,0.0
7045,0.0
7046,0.0
7047,0.0
7048,6.466132161606997e-05
7049,0.0
7050,0.0
7051,8.89164200113765e-05
7052,0.0
7053,0.00013053830400106616
7054,0.0
7055,0.0003844575412629571
7056,0.0
7057,0.0013372930737508906
7058,0.0007920930177698903
7059,0.0
7060,0.0
7061,5.442911043883222e-05
7062,0.0
7063,7.881041112052086e-19
7064,0.0
7065,0.0010915412685127445
7066,0.0
7067,0.0
7068,7.515230200739049e-05
7069,0.0
7070,0.00024275257219307165
7071,0.0
7072,0.0
7073,0.00014673961236992737
7074,0.0
7075,0.0002613993113300532
7076,0.0
7077,0.0
7078,0.0
7079,0.0
7080,0.0
7081,0.0
7082,0.0
7083,0.0005774103288134501
7084,0.0
7085,6.162094475172937e-19
7086,0.0
7087,0.0
7088,0.0
7089,0.00012505348737697883
7090,0.0
7091,0.0
7092,0.0
7093,0.0
7094,1.1337432439567628e-18
7095,0.0012798120165712175
7096,0.0
7097,0.00016245312665821645
7098,0.0
7099,0.0
7100,0.0
7101,0.0
7102,0.0
7103,0.0
7104,0.0
7105,0.0
7106,0.0
7107,2.9095173610252664e-05
7108,0.0
7109,0.0
7110,0.0
7111,0.0
7112,6.045547250185779e-05
7113,0.0
7114,0.00029890702489286837
7115,0.0
7116,0.0
7117,0.0
7118,0.0
7119,6.147068262847658e-05
7120,0.0
7121,0.0
7122,0.0
7123,0.000127504553734064
7124,0.0
7125,0.0
7126,0.0
7127,5.046370036969283e-19
7128,0.0
7129,0.0
7130,3.25382490437739e-05
7131,0.0
7132,0.0
7133,0.0
7134,3.0245536791897132e-05
7135,0.0
7136,6.596438044713887e-05
7137,0.0
7138,6.292083252034464e-19
7139,0.0
7140,0.0
7141,0.0
7142,0.0005409299863817852
7143,0.0
7144,0.0
7145,0.0
7146,0.0
7147,0.0
7148,0.0
7149,0.0
7150,0.0
7151,0.0
7152,0.0
7153,0.0
7154,0.0
7155,0.0
7156,0.0
7157,0.0
7158,0.0
7159,0.0
7160,0.0
7161,4.237118877447359e-19
7162,0.0
7163,0.0
7164,0.0
7165,1.7345203705469984e-19
7166,0.0
7167,1.0603560576600621e-18
7168,0.0
7169,0.0
7170,0.00024961824721722223
7171,0.00016094444839868677
7172,0.0
7173,0.0
7174,0.0
7175,0.0
7176,0.0
7177,0.0
7178,0.0004866866234207744
7179,0.0
7180,0.0004635526077263756
7181,0.0
7182,5.5938321191914407e-05
7183,0.0
7184,0.0001171060097353699
7185,0.0
7186,0.0
7187,0.0
7188,0.00013147076129323867
7189,0.0
7190,0.0
7191,0.0
7192,0.0
7193,0.0
7194,3.0678225883705376e-05
7195,0.0
7196,0.0
7197,0.00018113985946236475
7198,0.0
7199,0.0
7200,0.0
7201,0.0
7202,0.0016564818277168976
7203,0.00013622485835764137
7204,0.0
7205,0.00014477213093251547
7206,0.0
7207,1.1132461399553824e-18
7208,0.0
7209,0.0
7210,0.00018708465791838873
7211,0.00021895049961481613
7212,0.0
7213,0.0
7214,0.00037522812800117717
7215,0.0
7216,0.0
7217,0.0
7218,0.0
7219,0.0
7220,0.0
7221,0.0
7222,0.0003138180079341149
7223,0.0
7224,0.00011971798212956091
7225,0.0
7226,0.0
7227,0.0014286703228871714
7228,0.0
7229,0.0
7230,0.0
7231,5.519480519480518e-05
7232,0.0
7233,2.8901465949155795e-05
7234,0.00025862111319095385
7235,0.0
7236,0.0
7237,0.0
7238,3.183471933471947e-05
7239,0.0
7240,3.084200655767635e-05
7241,0.0
7242,0.0
7243,0.0
7244,8.998946259220217e-05
7245,0.0007960098712152142
7246,0.000662869319035746
7247,0.0
7248,0.0
7249,0.00022452375630829094
7250,0.0
7251,0.005188907832811034
7252,0.0
7253,0.0
7254,0.001879922195204244
7255,0.0001369973552634116
7256,0.0
7257,0.0
7258,0.0014756225933786743
7259,0.00044978101209166676
7260,0.0
7261,0.0
7262,0.0
7263,0.004256630329021088
7264,0.0
7265,6.925767335382451e-19
7266,0.0
7267,0.0
7268,0.0
7269,3.0306542869580175e-05
7270,6.039112287883274e-05
7271,0.0
7272,0.0020728572173245286
7273,0.0
7274,9.781993678683625e-05
7275,1.4517935501478372e-18
7276,0.0
7277,0.0
7278,0.0
7279,0.0
7280,0.0
7281,0.00262159513419359
7282,0.0004295683929191551
7283,0.0
7284,0.0
7285,0.0002804276298363274
7286,0.0
7287,0.004887279171331748
7288,0.0
7289,0.0
7290,9.283053215359193e-05
7291,0.0
7292,0.0
7293,3.374515226595163e-19
7294,0.00032097793662585317
7295,3.2177010245080955e-05
7296,3.0810472375864677e-19
7297,0.0
7298,5.9822562596497855e-05
7299,0.001712337508756559
7300,0.0
7301,0.0
7302,0.0007032875385293897
7303,0.0
7304,0.0
7305,0.0
7306,0.0
7307,0.0
7308,0.0
7309,0.00024094904809175588
7310,0.00017209934061011357
7311,9.208514888302017e-19
7312,0.00012539539468620246
7313,0.00039207415047304154
7314,0.004039007842143414
7315,0.0
7316,0.0
7317,0.0004334563653176135
7318,0.0
7319,1.007813849473325e-18
7320,0.0
7321,0.0
7322,5.847533891836376e-19
7323,0.0016474781469954334
7324,3.011203189296717e-19
7325,0.0
7326,0.0027940653523681157
7327,0.0
7328,0.0
7329,0.0
7330,0.0
7331,0.0
7332,0.0
7333,0.0
7334,0.0
7335,0.0010911613913954655
7336,0.0
7337,0.0
7338,0.0
7339,0.0
7340,0.0
7341,0.001499326364040757
7342,0.0
7343,0.0
7344,3.042548948739373e-05
7345,0.0
7346,0.0
7347,0.0002978595865045046
7348,0.0
7349,0.0004466613695006711
7350,0.0022297848135362773
7351,0.0002557932429016819
7352,0.0
7353,0.0
7354,0.0
7355,0.00023244021730119523
7356,0.0
7357,0.0
7358,0.0
7359,0.0
7360,0.0
7361,0.0
7362,0.00036925859005950556
7363,0.0
7364,0.0
7365,0.0
7366,0.0001521827206537956
7367,0.0
7368,0.0015205347679065834
7369,1.1935578103578573e-18
7370,4.51152976452809e-19
7371,0.0
7372,0.0
7373,0.00031277056277056266
7374,0.0
7375,2.873325995230243e-05
7376,0.0002202760041906897
7377,3.0106257378984034e-05
7378,0.0
7379,0.0
7380,0.0
7381,0.0
7382,0.0
7383,0.0
7384,3.2759874801622556e-05
7385,0.0
7386,0.0
7387,7.900733295687433e-19
7388,0.0
7389,0.0
7390,0.0
7391,0.0
7392,0.0
7393,0.0
7394,0.0002739168913878644
7395,0.0
7396,0.0
7397,0.0
7398,0.0
7399,0.0
7400,0.0
7401,0.0
7402,0.0
7403,0.0
7404,8.693797095635686e-05
7405,0.0
7406,0.0
7407,0.0
7408,0.00042259313215400884
7409,0.0
7410,0.0
7411,0.0
7412,0.0
7413,0.0
7414,0.0
7415,0.0
7416,0.0
7417,0.0
7418,0.00013664054910434605
7419,0.0
7420,0.0
7421,0.0005683616042404315
7422,2.7894610763468773e-19
7423,0.0
7424,0.00011816374382047785
7425,0.00024915860014892017
7426,1.1594667878141736e-19
7427,0.0
7428,0.0
7429,0.0
7430,0.0
7431,0.0
7432,0.0
7433,0.0
7434,0.0
7435,0.0
7436,0.0
7437,0.0
7438,0.0
7439,0.0
7440,0.0
7441,0.0
7442,0.0
7443,0.0
7444,8.313495792353156e-05
7445,0.0
7446,0.0
7447,0.0
7448,0.0
7449,0.0
7450,0.0
7451,0.0
7452,0.0
7453,0.0
7454,5.505878456698142e-05
7455,0.0
7456,0.0
7457,0.0
7458,0.0
7459,4.811820356698365e-19
7460,0.0
7461,9.643301505835423e-19
7462,0.0
7463,0.0
7464,0.0
7465,0.0
7466,0.0
7467,0.0
7468,0.0
7469,0.0
7470,3.2911835160598214e-05
7471,0.0016402105299773396
7472,0.0001779869728521852
7473,0.0
7474,0.00021572021921878408
7475,0.0
7476,0.0
7477,6.565308818877127e-05
7478,3.1962628311512725e-05
7479,0.0
7480,0.00048203087818395724
7481,0.0
7482,0.0002064518817646222
7483,0.0
7484,0.0
7485,0.0
7486,0.0
7487,8.899724499616043e-19
7488,0.00035136392977550305
7489,0.0
7490,0.0
7491,0.0
7492,0.0
7493,0.0
7494,0.0
7495,0.0
7496,0.0
7497,0.0
7498,0.0005321065505223884
7499,5.918444705716025e-05
7500,0.0
7501,0.0
7502,0.0
7503,0.0009768903005770773
7504,0.0014037922818554884
7505,0.0
7506,0.0
7507,0.0
7508,0.0
7509,0.0
7510,0.0
7511,0.0001809887372752867
7512,0.0
7513,0.0
7514,0.0
7515,0.0
7516,0.0
7517,0.0
7518,0.0
7519,0.0
7520,6.252818137531769e-19
7521,0.0
7522,0.0
7523,0.0006070767586445966
7524,0.0
7525,0.0
7526,0.0007190210844954293
7527,0.0005707014677728308
7528,0.0
7529,9.972323347940087e-19
7530,2.369589074308105e-18
7531,0.0
7532,0.00014385933681101458
7533,0.0007797552035400273
7534,0.0
7535,0.0
7536,0.0
7537,0.0
7538,0.0
7539,0.0
7540,0.0
7541,0.0
7542,2.781193868072937e-20
7543,0.0
7544,0.00011479993843131802
7545,0.0
7546,0.0
7547,0.0
7548,0.0
7549,6.546317119004357e-05
7550,0.0
7551,2.9444856000724236e-05
7552,0.0
7553,0.00010816041176947382
7554,3.143385570870786e-05
7555,0.0019382898848697566
7556,0.0013506529158000555
7557,9.792626728110588e-05
7558,0.00013315873270993632
7559,2.9884570385578945e-19
7560,5.724104380105155e-05
7561,0.0
7562,0.0
7563,0.00034031101345624733
7564,0.0004334542373932861
7565,0.00011366286893334524
7566,0.0
7567,0.0
7568,0.00020282301142801604
7569,0.0
7570,0.0
7571,0.0
7572,0.0
7573,0.0
7574,0.0002047616202831139
7575,0.00013254817340412541
7576,0.0
7577,0.0
7578,0.0
7579,0.0
7580,1.1979173898411089e-18
7581,0.0
7582,0.0
7583,6.218847517010608e-05
7584,0.0
7585,0.0
7586,0.00013367122885931486
7587,0.0
7588,0.0
7589,0.0002129043772965126
7590,0.0
7591,0.0
7592,0.0
7593,0.0
7594,0.0003011327255542208
7595,0.0
7596,3.0282214508196198e-05
7597,0.0
7598,0.0
7599,0.0
7600,0.0
7601,0.0
7602,0.000731735322785626
7603,0.00014019520851819164
7604,0.00033381135593352776
7605,0.0010794550599393191
7606,0.0
7607,0.0
7608,0.00016909842016331594
7609,0.0
7610,0.0
7611,0.0
7612,0.0
7613,0.0
7614,1.247830614417806e-19
7615,9.464335060106356e-19
7616,0.0
7617,0.0
7618,0.0001093568981859958
7619,0.0
7620,0.0
7621,0.0
7622,0.00016951006421792172
7623,0.0005358127581004496
7624,0.0
7625,0.0
7626,0.0
7627,7.545163611879441e-19
7628,0.0
7629,8.405035420944084e-20
7630,8.502756443970607e-19
7631,0.0
7632,0.00046453461676482656
7633,0.0005313713790199309
7634,0.0
7635,0.0
7636,0.0
7637,0.00012802036524952305
7638,0.0
7639,0.00022012067681721225
7640,0.0
7641,0.0
7642,0.0
7643,0.0
7644,0.0
7645,0.0
7646,0.0
7647,0.0
7648,0.0004319766346335038
7649,0.0
7650,0.0
7651,0.0
7652,0.00010666778349436157
7653,0.0
7654,7.659817945871609e-20
7655,7.848235175007489e-19
7656,0.0
7657,0.0
7658,0.0
7659,0.00011970828754135714
7660,0.0
7661,0.0
7662,0.0
7663,0.0
7664,0.0
7665,0.0
7666,0.0001785090543918417
7667,0.0003117506545062999
7668,0.0
7669,0.0
7670,0.0
7671,0.0
7672,0.0
7673,5.657171643591889e-19
7674,0.0
7675,0.0003667364019746429
7676,0.0
7677,0.0
7678,0.0
7679,0.0
7680,0.0
7681,0.0
7682,0.0
7683,0.0
7684,0.0
7685,0.0
7686,0.0
7687,0.0
7688,0.00011583011583011557
7689,3.8025983150459725e-18
7690,0.0
7691,0.0
7692,0.00011796516713941258
7693,0.0
7694,6.4851122708263e-19
7695,0.0
7696,0.0
7697,0.0
7698,0.0
7699,5.946810483447649e-05
7700,0.0
7701,0.0
7702,0.0
7703,0.0
7704,0.0
7705,0.0
7706,0.0
7707,0.0
7708,0.0
7709,0.0
7710,0.0
7711,0.0
7712,0.0
7713,0.0
7714,0.0
7715,0.0
7716,0.0
7717,0.0
7718,0.002038813147420619
7719,0.00014317399659817076
7720,0.0
7721,0.0
7722,5.089523479590247e-19
7723,0.0
7724,0.0
7725,0.0
7726,0.0
7727,0.0
7728,0.0002089691632894723
7729,0.0
7730,0.0
7731,0.00035803741069704046
7732,0.0
7733,0.0
7734,0.0
7735,0.0
7736,0.0
7737,0.0
7738,0.0
7739,8.208638215638294e-05
7740,0.0
7741,0.0
7742,0.0
7743,0.0
7744,0.0
7745,0.0
7746,0.0
7747,0.0
7748,0.0
7749,0.0
7750,3.0976313089315246e-05
7751,0.0
7752,0.0
7753,0.0007657851346822171
7754,0.0011200275185474695
7755,0.0
7756,0.0
7757,0.0
7758,0.00023595199997853125
7759,0.0
7760,0.0
7761,3.001552682891618e-05
7762,0.0006066920312347037
7763,6.690518783541946e-05
7764,0.0
7765,1.5131296026216024e-18
7766,0.0
7767,0.0
7768,0.0
7769,0.0
7770,0.0
7771,0.00025010697475395783
7772,0.0
7773,0.0
7774,2.6846385207506456e-18
7775,0.0
7776,0.0
7777,1.5023394115878535e-18
7778,0.0
7779,0.0
7780,0.0007583572990027576
7781,0.0007489489423527163
7782,0.0
7783,0.0
7784,0.0
7785,0.0002487230369173008
7786,0.0
7787,0.0
7788,0.00010272333737246136
7789,0.0
7790,0.0005733996276050076
7791,0.00015599251138493703
7792,0.0
7793,0.0
7794,0.00026743106028977035
7795,0.0
7796,0.0
7797,3.340819764177357e-05
7798,0.0
7799,0.0
7800,0.0
7801,0.0
7802,0.0
7803,0.0
7804,0.0
7805,0.0
7806,0.00031423406759710726
7807,0.0
7808,0.00036697317052378984
7809,3.856588830394472e-19
7810,0.0
7811,0.0
7812,8.450958809500711e-05
7813,0.0
7814,0.0
7815,2.8571428571428523e-05
7816,0.0012911636000917325
7817,0.00015437617250719932
7818,8.034773445732382e-05
7819,0.00014584043120091978
7820,0.0
7821,0.0
7822,0.0
7823,0.0
7824,0.00011732461545268844
7825,0.0012443592789320656
7826,0.0
7827,0.0
7828,8.325697778625586e-20
7829,0.0
7830,0.0
7831,0.0
7832,0.0
7833,0.0
7834,0.0005282251066314409
7835,0.0
7836,0.0
7837,0.0
7838,0.0
7839,0.0
7840,0.0
7841,0.0
7842,0.0
7843,0.00024066636422550715
7844,0.0
7845,6.0121841605912506e-05
7846,0.000478524291978525
7847,0.0
7848,0.0
7849,0.0
7850,0.0
7851,6.028981594855188e-05
7852,0.0007733821875714361
7853,0.0
7854,0.0005592956077768755
7855,0.0
7856,0.0
7857,0.000473259129939204
7858,0.0
7859,0.0
7860,0.0025333895277808048
7861,0.00012556036312199274
7862,0.0
7863,0.0
7864,0.0
7865,0.0
7866,6.245001490549807e-05
7867,0.0
7868,0.0
7869,0.0
7870,3.2800119007554164e-19
7871,0.0
7872,0.0
7873,0.0
7874,0.0
7875,0.0
7876,0.0
7877,6.084756483238372e-05
7878,0.0
7879,0.0006075851600120292
7880,0.0
7881,0.00045589559068741456
7882,0.0
7883,0.0
7884,0.0
7885,0.0005481445381011384
7886,0.00018244469769207792
7887,0.0003150948340862389
7888,0.00014016224366976787
7889,0.0
7890,0.0
7891,0.0
7892,0.0
7893,0.0001501165501165499
7894,0.0
7895,0.0
7896,0.002412664635060277
7897,0.00016066924499747885
7898,0.00012186859784982248
7899,0.0
7900,0.0
7901,0.0
7902,0.0
7903,0.0
7904,3.086528823665501e-05
7905,0.0
7906,0.0
7907,0.0
7908,0.0
7909,0.0
7910,0.0
7911,3.2997211672516635e-05
7912,0.0
7913,3.1915174818064776e-19
7914,0.0
7915,0.0001475810280810058
7916,0.0
7917,0.0
7918,0.0
7919,0.0
7920,0.0
7921,3.952204185951941e-19
7922,0.0
7923,0.00034339734536890785
7924,0.0
7925,0.0
7926,4.891383438309841e-19
7927,0.0
7928,2.5565188236421164e-05
7929,0.0
7930,0.0
7931,0.0
7932,0.0
7933,0.00019088113650114774
7934,0.0
7935,0.0
7936,0.0
7937,0.00044021874054237713
7938,0.0
7939,0.0
7940,0.0
7941,0.0004559400247388324
7942,3.4194312954642776e-05
7943,0.0
7944,0.0
7945,0.0
7946,0.0
7947,0.0
7948,0.0
7949,0.0003656167326129196
7950,2.001438322278883e-18
7951,0.0003218193711959665
7952,0.0
7953,0.0
7954,0.0
7955,0.0
7956,0.0
7957,0.0
7958,0.0
7959,0.0
7960,0.0
7961,0.0
7962,0.0001895307858514477
7963,0.00016787652949194426
7964,0.0010390658740310628
7965,0.0
7966,0.0
7967,0.0003370123549794178
7968,0.0
7969,0.0
7970,0.0
7971,0.0
7972,0.0
7973,0.0002145477008920683
7974,0.0
7975,0.000225778315941303
7976,0.0032004877181291093
7977,0.0
7978,0.0
7979,0.0
7980,0.0
7981,0.0
7982,3.109279650375585e-05
7983,1.4126823315013493e-18
7984,0.0
7985,0.0
7986,0.0
7987,0.0
7988,0.0
7989,0.0
7990,0.0003292077700645471
7991,0.0
7992,6.459367245657528e-05
7993,0.0016659724446019541
7994,0.0
7995,0.0
7996,8.025727985724848e-19
7997,0.0
7998,0.0
7999,0.0
8000,0.00044853519361702293
8001,0.0002129922268575437
8002,0.0
8003,4.348597799077032e-05
8004,0.0
8005,5.2545117273470366e-05
8006,0.0
8007,0.0
8008,0.0
8009,0.0
8010,0.0
8011,0.0
8012,0.0
8013,0.0
8014,0.0
8015,0.0
8016,0.0
8017,0.0007752121694684361
8018,0.0
8019,8.106871253133109e-19
8020,0.0
8021,0.00011787695890765462
8022,0.0
8023,0.0
8024,0.0
8025,0.0
8026,0.0005706570004551534
8027,0.0
8028,0.0
8029,0.0
8030,0.0
8031,0.0
8032,0.0
8033,0.0
8034,0.0
8035,6.100550869208791e-05
8036,0.0
8037,0.00014070749724926185
8038,0.0
8039,3.320485906692674e-19
8040,0.0
8041,0.0
8042,0.0
8043,0.0
8044,3.176404326867301e-05
8045,0.00025036005881913493
8046,0.00025264551583812104
8047,0.0
8048,0.0
8049,2.4876463819129534e-05
8050,0.0
8051,0.0
8052,0.0
8053,0.0003374358443784135
8054,0.00012956413755329626
8055,0.0
8056,0.0
8057,0.0
8058,0.0
8059,0.0
8060,0.0
8061,0.0
8062,0.0
8063,0.0
8064,0.0
8065,0.00036607638388021967
8066,6.696583323135854e-19
8067,0.0
8068,0.0
8069,5.012906044681691e-19
8070,3.258618158505064e-18
8071,0.0
8072,0.00022511938528596293
8073,0.0
8074,0.0
8075,1.333648080594264e-18
8076,0.0
8077,0.0
8078,0.0
8079,0.0
8080,0.0
8081,0.0004463402332574053
8082,2.8995860999419058e-18
8083,0.0
8084,0.0
8085,0.0
8086,0.0
8087,0.0
8088,3.4795033199302846e-18
8089,0.0
8090,0.0
8091,0.0
8092,2.8901465949155656e-05
8093,0.0
8094,0.00012135786812152448
8095,0.0007731382181709468
8096,0.0003002968068798242
8097,0.0
8098,0.0
8099,0.0
